
CREATE TABLE license (
    id SERIAL NOT NULL, 
    active BOOLEAN, 
    name VARCHAR(255) NOT NULL UNIQUE, 
    position BIGINT NOT NULL, 
    url VARCHAR(255) NOT NULL, 
    PRIMARY KEY (id)
);
CREATE TABLE licenseicon (
    id SERIAL NOT NULL, 
    content BYTEA NOT NULL, 
    contenttype VARCHAR(255) NOT NULL, 
    license_id BIGINT NOT NULL, 
    PRIMARY KEY (id)
);
CREATE TABLE license_localizedname (
    locale VARCHAR(255) NOT NULL,
    text VARCHAR(255) NOT NULL,
    license_id BIGINT
);

ALTER TABLE licenseicon ADD CONSTRAINT unq_licenseicon_0 UNIQUE (license_id);
ALTER TABLE licenseicon ADD CONSTRAINT fk_licenseicon_license_id FOREIGN KEY (license_id) REFERENCES license (ID);
ALTER TABLE license_localizedname ADD CONSTRAINT fk_license_localizedname_license_ID FOREIGN KEY (license_ID) REFERENCES LICENSE (id);


INSERT INTO license(id, active, name, "position", url) VALUES (1, true, 'CC0 Creative Commons Zero 1.0 Waiver', 1, 'https://creativecommons.org/publicdomain/zero/1.0/legalcode');
INSERT INTO licenseicon(id, contenttype, license_id, content)
VALUES (1, 'image/png', 1, decode('iVBORw0KGgoAAAANSUhEUgAAAFgAAAAfCAYAAABjyArgAAAABmJLR0QA/wD/AP+gvaeTAAAKJUlEQVRoge2Ze1CTVxrGf0mAIJFLNHgFqhi5jNysKCi61hZGp4jYMnVkO9U6uqXWFRVLV4sjrWvpWmi7VrdiW2fUIlXwNoy6VqmyWC/AtnQVvDXBCmqwXMQAEROSs39Qolmsl5bQTrfPTGa+835v3u95n+9857znHIlMJpvqonDJlEllvfiVQyCwWCzmX5rHw8Dcbm41GAx/kfRV9a3N+uDd/oreil+a028KrS2tLHzpz1UOSqXS+bcmrhCCsxWVVGmq0OubUfZREhAYgK/at8c4KHorcPdwd3RAIpE+zB/a29upOF1B6ckSrl65iv6mHrPZjJu7GypPFaNGj+Lx8FH80i+rVlfLu29ncfm7y13uBYeGsDh1Ma5urj3CRSaTOTo8yMlsNnPk8BF25+2iob6hy/1aXS0Xz1/kxLETyOVyJsdOJv7Z6T2WxN1obWnlzbQ37skT4Mx/TvP2qgz+umY1MpmsRzjdV2D9TT2ZGZlcOHcegMcee4y4uDiioqLw8vLC0dGR69evU15ezv79+ykrK6NgdwHFR4t5dXkqfgF+PZJEJ/I+y7MR18/Pj5CQEAoKCjAajQBoLmooPHiYybFTeoKS+NHhobGhkbTU17lw7jzu7u5kZ2ej0WhYt24dM2fOZPz48URERDBt2jTS09MpLS2lqKiIoKAgmm408eaKN/iq9N89kQQARqORosKj1nZ0dDSVlZXk5+czYcIEG9/PD3zeY7zuKbDRaCTzrXe4XnudoUOHUlJSQlJSEg4O9x9RJk6cSElJCQkJCZiMJtZmreXype/swbsLzlWe49atW9Z2eno6Dg4OXLx4keLiYhvfKzVXqPu+rkd43VPgbZtz0Gq09OnTh8LCQvz9/R86oIuLCzt27CAmJoa2tjbeW/MeZrP9S9fv7nqRDg4OjB49GoDly5djMplQq9U/6m8vCO4hsO6ajkP/PATAli1b8PV99NJGJpOxY8cOPD090V3TUfh54c8m+yDU19Vbr318fJDL5Zw8eZI9e/YglUr59NNPkUgkd/x7ogcL0XUMPlCwH7PZTHRMNFOnTv3JsZVKJenp6daY9kbbrTbrtYuLCwCvvfYaQgjmzp1LZGQkcrnc6nPrLn97oovAX5V9BUDKkhSrrb6+nhdeeAEvLy/69u3LjBkzqK2tBeDIkSNERESgUqkYMmQIWVlZCCEAePHFF5HL5eiu6dBd1dk3EemdVIxGIzt37uTLL79EpVKxZs0aoKOWv5e/XXnd3bhee536unoUCgVPPfUUABaLhenTp5OTk0NwcDBxcXHs2rWLOXPmUFFRwZQpU6ioqCAxMRGVSkVqaip5eXkAKBQKxo8fD8D5H0o9e8HF5c5Wyo0bN1i5ciUAaWlpKJVKWltbbQRWKFzsyucHCJuy4EbjDaBjDHNycgKgtLSU48ePo1arOXDgABKJhHnz5hEeHk5KSgomk4m33nqL1NRUmpubqaioYOzYsdaY/v7+fPHFFzQ1Ndk1k/4DB1iv6+rqqKurIzAwkAULFgBQWVlp499vQH+78oGOSc5G4ObmZgD69u1rtVVVVQEQGBhonSQ6e2XnvaCgIABcXV1txAVQqVQAtOibu5u/DYb7D+9iy8rKwtHREYBDhw5Z7VKpFLWfuot/90PYDhEKRcc+ws2bN622wYMHA3D58p21/YULFzAajdZ7ly5d6ggnBGfOnLF5RGcsFzt/kr7DfPHs52lj6yzNysrKyMzMtNpHBAdZc7UrxP+MwR5KDwBqamqwWCwAREZG4u/vz+nTp3nllVfIyMhg3LhxxMbGMmvWLCQSCatWreL9999n1qxZhISEsG3bNmvMTvHdPTzsmotEImFqvG3VExoaio+PD2PGjEGv11vtcc/E2ZXLXbAt0wYOGoibuxtNTU2cOHECALlczt69e4mIiGDDhg2kpaXh6+tLdnY2EydOZNOmTZhMJlJSUsjLyyM5OZmZM2cCYDKZKCoqAmDY8GF2z2Zy7BSCQ4Ot7ba2Nmpqamx8YqbEEPZ4mN25dMJGYIlEwshRjwOwYcMGqz0gIIBTp07R2NiITqejrKyMYcM6BJszZw719fVUV1fT0NDA2rVrrTtVe/fuRa/Xo1QqGTJ0iP2TkUpZtnI5sfFT6eVie0Dj7uHO87OfZ978P9mdx92QqP2G6zOyMqx7i1qNlteXLkcikVBSUkJ4ePhPCmw0GhkxYgQajYbnEmfwXOJz3Ub6YXC77Ta6azqam/V4KJUMHDTwgXsp3Y0lC5Zc6VJtD1MPY9yEKCwWCwkJCdTV/bQlZVJSEhqNBqVSybRnpv1sso8KubOcIb5DCA4NwdvHu8fFBUAI4XC7rU1apekot5x7OTNo8CDmJs2lSqulurqamJgY9u3bh5eX10PFbG9vZ9GiRWzevBmZTEbyq8nIneU0NjTSdMO+tfCvDUaj0Qk66mEBCJlMJt75e6bIK8gXH2xcJ5RKpQBEv/79xfbt24XFYhH3Q3l5uRg3bpwAhEQiEUkLkkReQb7YsmOrUHmqxN3P+n/5SX64sGK433DSM97AycmJuu/r+Nuqt6mp7piJg4ODSUxM5Mknn8Tb2xtHR0dqa2spLS1l9+7dHDx4EIvFgkKhIHlpMiPDOybMj/6xsdt31BwcHHB1vXMsZTabaW1txc3NzWrT6/U4Ozvj5ORES0sLJpPJJoabmxsGg8FmCW0PdFE9YmyE+GzP9o7et32reHbGs8LZ2fnBb0siEX+Y9Afx4aYNIq8gX+QV5IvEWX+0S88YM2aM0Gq1QqvVCoPBIL7++msRFhYmhBDi0qVLQqvVisDAQJGTkyP0er0wGAyisLBQSKVSMXToUHH27FlRXV0tGhsbxezZs3uuB3didMRokl9dZN3ia9Y3c+rEKUpPllBTXWNzquzZz5NRo8OJjIpksFfH6k4IQf5neezcvvPRX/kjICoqioMHDxIbG4ter6e8vJxJkybR3NzMN998w5YtWzAYDGzevJni4mKUSiXr16/Hw8OD+Ph4EhIS2Lp1K56enhgMhm7n96MCAwwYOICXFiQRFBL0SEF1V3V89OFGKs9UPtj5Z8Db25uysjJWrFjBJ598QlhYGOXl5RQVFdHe3s706dPZuHEj06ZNw8nJiezsbBYvXsyxY8c4evQoK1euRK1W8+2336JWq9Fqtd3O8b4CdyJ0ZChPxz1NyMjQ+x53ay5qOHzwMMVH/2X3Y6JevXpx7NgxqqqqWLZsGWazGaVSSXl5OSNHjkSv16PT6fj4448xGAzs27eP3NxcAgICSElJISoqiujoaObPn8+SJUvw8fHpMkZ3Bx5K4E64urriO3wY3j5e9O7tikwmpaW5hVpdLVqN1ubYxt544oknyMrKsrYbGhpYuHAhubm5VtvLL79MfHw8t2/fZvXq1eTm5nL8+HFycnJYv349ERERNDQ0sHTpUuvWQHfjkQT+HY8OqVQq7f7v4ncAIJFIbv8XZ/2cefTixo4AAAAASUVORK5CYII=', 'base64'));
INSERT INTO license_localizedname(locale, text, license_id) VALUES ('en', 'CC0 Creative Commons Zero 1.0', 1);
INSERT INTO license_localizedname(locale, text, license_id) VALUES ('pl', 'CC0 - Creative Commons Zero 1.0', 1);


INSERT INTO license(id, active, name, "position", url) VALUES (2, false, 'CC BY Creative Commons Attribution License 4.0', 2, 'https://creativecommons.org/licenses/by/4.0/legalcode');
INSERT INTO licenseicon(id, contenttype, license_id, content)
VALUES (2, 'image/png', 2, decode('iVBORw0KGgoAAAANSUhEUgAAAFgAAAAfCAYAAABjyArgAAAABmJLR0QA/wD/AP+gvaeTAAAJ3klEQVRoge2ae1BU1x2Av727iwksIyugojxUViMQeVSkoUrwOdMiWmMeJrrgo8WUaGYUFWijtRMxacRxJsHRgkoQxQfgi/o2JLqkJhoUIYYqsjgsKER5Kc8Fl9s/tmzYiIjKkkzab4Y/9pxzz37nt+f+7jnnIrG1tf2LVT+rJTYKG5GfOyKiod3w4KfW6AmN9Y3C/fv3P5YMdhp895PEBIefWuiXyOL5ETdlCluF1dNcrG/RY2g3YG1t3dtez8yt8ltc//d16uvrEQSB/v374zXGC3sH+z71UCgUVjKQSHrS+M73d/jy3Jdc/PoCt8puodfrAZDJZDg4OjB23FgCJ/yGUaNHWVS6O64WXGX3p7so0ZZ0We/t64N6gZphI4b1iY8gCFKJatTI+x9s/MD2UY0aGxrJ2JvO6ROnefDg8enPz/9XhC0Mw9nFuVdlu0MURdL3pHMw/QAODg4sXbqU0NBQXFxcaG9vp7i4mEOHDpGYmEiLvoWFEYuY9ttpFvda+e6KCll3DSpuVfD3dR9ScbsCgODgYObOnUtwcDD29vZIpVLq6uq4cuUKhw4dYt++feTlXqbw2+9YsmwpL41/yeKDANifto+D6Qd59dVX2blzJzY2NgBkZmZib2/PpEmTGD9+PNHR0cyePZttW5KQyaRMmjrZ4m6PnMFlujLW/vmvNNQ34ObmxrZt25g2rftfXavVsmTJEk6dOoVEIuGPkREWnyn5efl88Lf1zJo1i8zMTARBAODSpUv4+/sjl8uprq7G1tY4xObmZiZNmsTly5eJ/2QjQ4YOsZjbyndXVAhdVdTX17Mh7iMa6hsICAjg4sWLjw0ugLu7O8ePH2fFihWIokhy4g6+zS/odfHO7E3dw+DBg9m1a5cpuAAqlYrAwECmT5+OQqEwlT///PPs378fqVRK+p50i7oBdBng5MRkvq/8Hnd3d06cOMHAgQN73qEgsHHjRsLDwzEYDCRsSkDfou814c7oSnWUaEtYuXKlKS0AFBcXExkZibOzM3K5nEWLFnHv3j1TvZubG+Hh4Xzz9UWam5st4gYg0kWAtcVazuf8C0EQyMzMZMCAAU/VeVJSEsOHD6euto6jR/75rK5d8l3BVQBmzJhhVn7+/Hn27t1LRkYGGRkZpKSkUFRUZNZm5syZtLW1UXTNvLxXEUXxoQCfPHoSURSZM2cOvr6+ZnUtLS3U1dV12de9e/doamoyfe7Xrx9xcXEAfHbqs97UNlFTXYNMJsPd3f2Jr+24pqa6pre1zDALsCiK5F26DMDixYtN5Tdu3GD8+PFYW1ujVCrx9/ensLAQgJSUFBwdHbGzs0OpVPLOO+/Q2toKwGuvvYaNwobqqmrKSnW9Li/y9Lt7iWn5b9kTArMAV96u5P69+yhsFUyYMAGA1tZWZs2axfnz54mIiCA2NparV68SGxtLTk4OixYtQiqVsn79eqZMmUJSUhJZWVkAWFlZERwcDMCNouJel7ezU/LgwQPKy8vNygMDA1Gr1abPq1atYtiwYWZtSktL/9uHXa97dUI0WwfX1dUC4OriikxmrLpw4QKFhYV4e3uTmJgIgFqtxsPDg7fffhtRFFm7di2RkZHo9XpKS0sZNeqH3Zz7COOtWFfbdWp5Fjxe9ADg2LFjREZGmspHjhxJUFAQu3fvBow52tHR0eza06dPIwgCqhdG9rpXBw895BoaGgHMHmw6nfHWdnNzM5V5eXkhCAJlZWUADB8+HDDm3c7BBVAqlQA0NjT0sj6McB+Bq5sr8fHxprTUE6qqqti+fTs+fj6m9bFlEM0D3LFerKn5IfG7uroCUFRUhCga89XZs2e5c+eOqe7atWsAtLW1ceTIEdrb203X19Ya7wqbTmvR3kIikTBH/SY3b940m8HdYTAYCAsLo6GhgTfmzel1JzNEMEsRygHG2abT6Whra0MulxMYGIi3tzcFBQWEhIQwdOhQ0tLSCAgIID4+nh07drB69Wq0Wi0FBQVoNBqSk5NZuHAhYHxAGvu2TK4b9+txTJ85neTkZARBYMuWLcjlcnx9fYmJiQHAxcUFMG6g1Go1J0+eZN78ebirnnz18YSY5+BBgwehVCqpra1Fo9EwZcoUZDIZWVlZREZGotFoaGpqYurUqaSkpDBkyBAyMjKIjY1l69atWFtbs3btWhYsWACAXq/nnOYcAC94jLbYKNQLw5BIJGzfvp3s7GyWLVtGaGgocXFxGAwGtFotcXFxJCQkUFVVxZvqt5g5+/cW8+nMQ2cRiZv/QfbpbF555RUOHjz4TJ2npqYyf/58Bg0eRELS5meWfRy5F3PZm7qHMl1Zl/WjPUbzVvhcPLw8LO4CELVkeflDp2khM0L44rMvOHz4MDk5OQQFBT1V501NTaxZswaA380IeTbTHuIf4M/YcWPR3tBSePU76mrrkAgCDg72vOgzBhdXlz7x6EDkRzkYwMXNlYlTJvL5mc95/Y3Xyf0mF2fnJzvbFUWR8PBwdDodjgMd++TstQOJRIJqlArVKFWffecjEUVR1tTYKO048bK2tsZ9pIr5f1jAjes3KNOVMXnyZI4ePfrQ8utRNDc3ExERwYEDB5BbyVkeHYVcLqfidgVVd+9acDQ/P/Qt+ufAOJNFQJRIJOL6+PVielaGmJC0WVQqlSIg2tnZiTt27BANBoPYHV999ZXo7e0tAqJUKhWXrVoupmdliJ/uSRH72/UXO3/X/8qfhB9txt2GDyPuozj6PdePmuoaNqz/iJJi4zsurxe9mDd3HhMnTsTe3vgCsbKykry8PI4fP86ZM2cQRREbhQ1RMSsY4zMGgIRNCeSc1fT8p/8F8VCAAca9FEBUTBRSqZTW1laOZR3jcOYhmpu6PzuVSCQETQziTfVbODga/xPgwP5M9qftt4j8j1GpVJw6dQow7tbWrFlDaGgo5eXlbNiwgc2bN1NSUsKmTZv6xAceEWAAHz8flkUvNx1k19fXk3vhG65cuoKuVMfdO3dpb29ngP0AnIY44e3rjX/AOJyGOgHGHVPazt0cPXy0zwbj6elJdnY2Tk5OxMTEoFKpeP/998nPzyc6OprVq1fj6elpdqxqaR4ZYADHgY786d1I063eU27fus3Wj7dw/dr1Z/V7Ijw9PcnLy0Oj0eDn50dUVBSpqamsW7eO9957j7CwMNLS0vrUqdsAd+Dj50PIjBC8/XyQSqWPbFdcVMyZk2fQfHEOg8HQm549ovMMfvnll0lMTMTDwwM3NzcKCwtRKBSm85S+otvX9h3k5+WTn5ePra0tI0a64+LqjEJhi1Qq0FDfQGVFJdpiLVV3qyzt+1js7e3Jzc3FwcGBnTt3AtDe3o4oin0eXOjhDP4/T48gCELbTy3xS0Uikej/Az7UCLoVn+3WAAAAAElFTkSuQmCC', 'base64'));
INSERT INTO license_localizedname(locale, text, license_id) VALUES ('en', 'CC BY - Creative Commons Attribution 4.0', 2);
INSERT INTO license_localizedname(locale, text, license_id) VALUES ('pl', 'CC BY - Creative Commons Uznanie Autorstwa 4.0', 2);


INSERT INTO license(id, active, name, "position", url) VALUES (3, false, 'CC BY-SA Creative Commons Attribution - ShareAlike License 4.0', 3, 'https://creativecommons.org/licenses/by-sa/4.0/legalcode');
INSERT INTO licenseicon(id, contenttype, license_id, content)
VALUES (3, 'image/png', 3, decode('iVBORw0KGgoAAAANSUhEUgAAAFgAAAAfCAYAAABjyArgAAAABmJLR0QA/wD/AP+gvaeTAAANu0lEQVRoge2aeVBU17bGf4emRehJGSSJAyJKFAeCGpUnODwDtIpjBOOsSZwTvUSlFLiBuhpLjUnpiwLKVRPAQMQIAk9QggMahuA8ABqJQ5QpgRaxaQTt8/4gdInNNTTmvnsr731Vpwr2Ouc731pn9d5rr3MEMzOz1SqVaoVCqRAQEPg3x1O9/gmiKP6rdfwedLU6qf6pPlLoaG19e9eXuxz+1YL+jPhw0YcV5nK5zLwtFzfUN1BfX4+VzApB+N9J/Pr6eq5evkp5WTn1jx/Tvn17XuvyGn36umBu3iY30Gq1XLl4hcrKSp40NGBlZUV3J0d69ur50n4pFHKLVquqeVjD96e/Jz/3B27euIlOpwPAzMyMDh07MOCNAQxxH8qgNwf94QGvq6sjMSGRtJQj1NXVGdllMhkTp05k/CRf2rVr1ypOjUbDN7HxnDp+iqdPnxrZbW1t8Zvpx6gxo9vsj2BmJvndANfX13P42yRSk1INQX0Wer2eqsoqTmae5GTmSbp07cKMOTN4c9iQNol6HmWlZXz6yRZ+vvszPj4+zJ8/H3d3d5RKJRqNhjNnzrB3717iYuLIy85jTXAgNrY2L+S8XljEZ5s+o+ZhDe+88w4zZ87E1dUVKysrysrKOH78OBEREUT8VwT5eWf58KMPsbS0bIN6EaFrt673PtvxeeeWzBqNhi0btlD8400AXFxcmDdvHmq1GkdHR+RyOeXl5RQUFJCcnEx0dDQajQYA38m+zJ4/BzMzszYIa8QDzQOCVq+jVltLfHw8EyZMAKCsrIyDBw8ye/ZsOnToAEBcXBwLFizAxtaGT7ZuRCaTtch566dbhK79GGtra1JTU3Fzc2vxPL1ez6ZNmwgJCaG/a3/WhQYhkUhM0h+8JuiRRKVSfeQzzkf5vLH6QTXBa4K49/M9FAoFkZGR7Nq1Cw8PD+zt7bGwsEAQBORyOY6OjqjVapYuXYooimRnZ3Oj6AZlpWUMcR/a5p/Ypxu3UHKvhLS0NHx8fAzj7777Llu3bkWn0zF27FgA+vfvzxtvvMGev++hvKyCYcOHGfE11DcQFhSKucSc7OxsXFxcAKisrCQ9PZ3Tp09TWVmJg4MDEokET09P5HI5MdExmJtLcOnnYpL+4xmZ9S2mV0NDA1s3fsovFb/QuUtnsrOzWbBgwe9mo1KpZNOmTcTExGBubs6ZU2dIPnTYJFFNuHT+IlcuXSE0NJRRo0Y1s/n6+uLk5NQs6E3jK1euJOdMNreKfzLiPJZ2lPKycvbs2YOTkxMAKSkpODk58fbbb7N48WJ8fHzo378/BQUFAKxatQq1Wk1KYgo1NTUm+9FixJIPJXO96DpyuZz0tHT69etnEumsWbPYuXMnAHExcdz/+b7JwrJOZqFUKgkICGg2vm3bNlJTUxk4cCBffvklX331VTP72rVrMTc3J+vk6RY5XV1dmTRpEtCYuXPmzOHhw4esWLGCyMhIpk6dSlFREVOmTKG+vh6AkJAQamtr+SHnB9OcEBGNAvyo5hEpickA7Ny50+TgNmHRokX4+/uj1+v5OuZrk68vuFrAW2+9ZbS4REVFkZCQYDiio6Ob2e3s7Bg2bBhF1wqbjWsfabn9023DPN7Q0EBkZCTV1dUMGTKELVu2sHjxYg4ePIizszM3btwgKSkJAHd3d2ztbCm4WmCyH0YBzjqZRW1tLa6ursyePbuZraGhAY1Gg16vNyLSarVGP6GNGzcikUg4m5dvWPxaA71ej6ZKQ69evVp9zbNwcnKiqqqq2VhVVRWiKOLs7AyAVCo1VEXu7u5YWFgAIAgCw4cPByA/Px9oLEV7OPbggQk+AIi0EODz+ecAeP/99w1zrkajwd/fH5lMhrW1NT169CA9PR2ArKwsnJ2dkcvlqFQqfH19qaioMDg6ZOgQRFHkwtkLrRf22064rRWIIAhGu+mWODds2EBSUhKff/55s3ObqoVna24zM7MWE+vFEI2niOtF1wFQq9WGsSVLlpCQkIC3tzdbt27lyZMnBAQEcOvWLSZOnMjdu3cJCwtj2bJlHDlyhPDwcMO1ap9GnqZSrzWQSCQolUpu375tZAsLC8POzg5ofIDPz9EAd+7cMZRvTWj6/1nO9PR0jhw5wt69e5ude+5cY5I1VRkAd+/eRdVB1WofmtAswDqdjsd1jzEzM8PBobE9UVNTQ0JCAu3btyc+Pp5Vq1aRl5fH5cuXSUtLo7q6mjlz5hAaGsqOHTsoLi4mLCzMwNnE8+BBtUnC+vTrw7FjxwwLTRP8/PxQKhurSnt7e3x9fZvZtVotOTk59Ort3GxcqVLSpWsXUlJSDGO2trbs3r2bwMBAcnNzqaioYMOGDVy4cAGFQoGfnx8AV69epaSkhNd7v26SD/BcgGu1tQBYWVkhlUoBuH//PqIoYmNjg1wuB6Bz585IpVLu3bsHQPfu3Q0cjo6OzW7QsWPH37i1JgnzGOlJZWUlkZGRJl23bds2dDod7sPdjWyeo0eQl5dHZmYmAIMHD2bFihVUVVXh7u6Ovb09f/3rX7G0tCQ2NhZbW1ugcS2RSqWm707F5wIsVzQGUKvVGjKna9euCIJARUUFv/76KwCXL1+mqKiIbt26AXDt2jUDR2pq8y1102LT9HBai8FDBtPHpQ9BQUGcP3++Vdfk5uayfv163Aa50W+AcfUzzncc1jbWzJ8/n9LSUgC2b99OfHw8/v7+jBs3jnXr1lFQUMDEiRMBiI2NJS4uDu+x3tja2ZrkAyA260VYWFggk8nQarUUFxfTp08fZDIZs2bNIjY2Fm9vb4YPH86BAwcQBIGcnBxsbGyIj483rMoJCQl88MEHfPHFFwDcunULgA4dOxjf/gUQBIEPPvqQkMBgvL29SUxMxNPTE4DFixcbdlxNyMjIwN/fnw4dO7B0xbIWOS3aWxAQGMDfQv7GiBEjOHLkCL169WL69OlMnz7d6PyoqCiWL1+Oo1MPZsydaZJ+aKwijLbKP16/Qcn9EhwcHAzlipeXF1qtlvz8fE6fPo2bmxv79++nd+/eeHl5cfPmTTIyMrhz5w4LFy5k8+bNhilmTeAaSktKGT/Rl27du5kkUCaT4ermSn7OD+zYsYPCwkLkcjmTJ0/G19eXnj17kpGRwdq1awkJCcH+FXvWfrzuhZlma2dLT+eeZGZ8x86dOykrK0OlUmFra4tUKqW0tJTk5GSWLVtGeHg4r/d+nTXBgcjkLfc2XoTMY989Nmr2ZB7LZNeOSJycnCgsLDQEqi24cOECgwcPBiAq+u8olIo28TyqecS3B77l6H+n8+TJEyO7hYUF4yaMY/K0KVhata7r9UvFL8R+GUvu9zktviBRKBRM9pvCuAnjTG7yNGHdqrXVRu1Kj5EeJMQdoLi4mPDwcFauXNkmcr1eT0BAAHq9npH/ObLNwYXGtWHee/N42/9tLp6/SMm9+zx6pEWhVNDNoSsD3nBtdWCbYNfJjoDAAKoq53Hh3AVKS0qo09XR0bojPZ174dLP5aWSCwDxuTkYGrPhndkzCN++k8DAQAYNGoSHh4fJ3EFBQZw6dQqpVIrfDP+XE/ob5Ao5HiNN1/IiWNtYM8Z7zB/K+SzM6+rq2l+5dBkAQTCjb/++jBoziquXr5B1IosJEyZw8OBBxoxpnQhRFAkODmbz5s0AvL90IZ3sO/FA84Cf7979pzny74ja2lpzaFzsDMfyvywXDyQniPsPfi327d9XBESJRCIGBweL1dXV4otQWFgoqtVqA9dU/6nigeQE8ZvDBwxc/9cO4bc/DFAoFHyydSOvvPoKDQ0NhG8P5/usM0DjpmHatGmMHTsWR0dHFAoF5eXlXLt2jaSkJI4ePcrTp0+RtpOycOkiRo0ZBUBKYjIx+2JMePZ/LhhF/dXXXhV3fbXbkH3L//KBaGNr8/tPSxDEof8xTNwWsV08kJwgHkhOEFeuXikKgvBSWTB69GixuLhYLC4uFrOyskQ3Nzfx0KFD4syZM0VBEMSkpCTRz8/PJM6hQ4eKubm54qVLl8TVq1eLgNiuXTvx4sWL4ty5c/+wDJYAYc9H/FHNI87m5eM2eCAKhYLujt3xHuuNYw9HLC0tERERBAGJRIKNjQ1dHbripfbi3UXv4TPex1AxZB79jogvIl76O5G+ffsycOBAXF1dGTp0KJ06deKbb75h9+7dPHz4EC8vLwICAky6z+bNm8nJyWHJkiVMmzaNtLQ0Jk2ahFqtxsXFxagB1FYYTRHPwtLSkrnvzWP0W6NNah1WP6gmeu9XnG7hrUJbMH78ePbv38/Zs2d58803mTx5MidOnCAmJoYZM2YwYsQIsrOzTeL09PQkIiICGxsboqKiCA0N5fDhw+zbt49t27bh5eXFjRs3Xlr7C1/b63Q6du2IJPnQYdTj1Qwf4YFSZfR+1IDiH29y4rsTnMw8adQFe1kUFDS+4Zg3bx5r1qzhxIkT7NmzBzc3N5ODCzBy5EimTJnC48ePOXfuHMePH8fLy4tu3bo1JtbcuYSEhLy07lZ9eFJaUsq+qH1E742mu2N3er7eC5VKhVRqjk6no7y0nKLCIip/rXxpQf8IAwYM4OzZs3Tq1In169cDjZsZ05vgjaipqSE1NZWbN29y/fp1PDw8iI2NZeHChQwaNIjExEQ+/vjjNvM34YVTxJ8dCoUClUplaMn+MyAIgvBYFMXWfW/0/zAJgpnw+H8AcDEB/g7bF+0AAAAASUVORK5CYII=', 'base64'));
INSERT INTO license_localizedname(locale, text, license_id) VALUES ('en', 'CC BY-SA Creative Commons Attribution - ShareAlike 4.0', 3);
INSERT INTO license_localizedname(locale, text, license_id) VALUES ('pl', 'CC BY-SA Creative Commons Uznanie Autorstwa - Na tych samych warunkach 4.0', 3);


INSERT INTO license(id, active, name, "position", url) VALUES (4, false, 'CC BY-NC Creative Commons Attribution - NonCommercial License 4.0', 4, 'https://creativecommons.org/licenses/by-nc/4.0/legalcode');
INSERT INTO licenseicon(id, contenttype, license_id, content)
VALUES (4, 'image/png', 4, decode('iVBORw0KGgoAAAANSUhEUgAAAHgAAAAqCAYAAAB4Ip8uAAAABmJLR0QA/wD/AP+gvaeTAAAT60lEQVR4nO2beVQUd7bHP9VssguySBAMooBK0IAgAYNJCOpoXFBJ3HEcjZAxRsUxJhpn4gYmI4KeEU2MRmMcd40jPk3ckCAIDCLuYVNeBNmXpsXQND1/tF1D240ikHkn8/yeU+dU1e/WvfWr+1vuVgB+BgYGtwRBUADK58dv/xAEQWFoaHgLGCRIJJIbke9HOg957VVTPT09nuO3D4VCwY9JycodX+64I2lubvZ4rtz/Lujp6REYNERoeNDwoj4gdCZzmUyGvp4+Rl2MOpNtp0ChUHD96nXyc/OoramlsbERUzMzrKyt8PTyxLmnc6fLLCku4crlK1RXVSOtq8PA0BALCwtedOnJSwO9MDQ07HSZAIIgoFQqBf2OMMnPzeNi8kVu37pNeVk5dbV1KBQKAAwNDbGwtMCxhyN9+/djyNAh2NnbdcrLPyukUimH9x/m/OlzyGSyVunsu9szZvxY3gh5g46saEqlkrSLaRzae5Ciu0Wt0hkZGRHwagBvT3mHbjbd2i3vSRAA5d+P7H2mDqWlpHH00BEK8graLkgQGOg9kPHvTMDdw70dr9o+XEy+yJebvxAVa2trS0hICHZ2dhgZGVFfX09hYSFnz57l4cOHADg6ObJoySKc2jGjq6uqiV0Xy+2btwDVcjnY35++fT2wsrKi8ZdGSstKuZB0gZKSEgAMDA2YNG0yo8eN7qReq1aryaGTnk3BNdU1bI7/G9lZ2VptpqamODk5YW9vj0Kh4N69e5SUlIgfTQ1BEHhzRAgzZ8/EwMCgs/qjEwf+vp+Dew+iVCrx8vIiOjqa4cOH6+yrTCZj27ZtrF69moqKCoyNjfngTwvwHuTdZnmFBYWsWxVDVWUVxsbGREVFsXDhQqytrXXSp6SksGTJEi5evAjA0DeGEvF+ZIdWDzWeWcGF+QXErIyhurpavOfs7Mzs2bMZMWIEPj4+SCQSjWcaGxv58ccfOXnyJF9++SU1NTVim3tfDxZ/vBhLS8sOd0YXEo8lsnPb1wBERUWxbt06jT6mpaWRlpbGpEmT6N69u3i/oqKCsLAwzp8/j4GhAStW/7lNK05FeQUfRS2ltqYWNzc3Tpw4gaurqwaNVCpFX18fY2NjjftxcXEsXrwYhUJB8LBg5s6L6EDPVXgmBefn5bNy+ac0PGgAwNTMlOXLlrNgwQK6dOnSJoFVVVWsXr2aTZs20dTUBICtnS2fRq/Extamwx1qiWs511i9YhXNzc2sXbuWjz76SKO9qKiIPn360NjYiL+/P6mpqRrtcrmc0NBQEhMTsbS05K+b1mPZtfWBqFAoWLpoKXcL7+Dh4UFaWprOgRsYGIi/vz/r16/Xajt8+DBhYWE0Nzfzh4jZDB85vJ29//c7TQ6dhORphJUVlcSsjBaV69HXg+zL2SxdurTNygWwtrYmNjaWpKQk7O3tASgvK2fNX1bz4MGDdnZDG0qlkp3bvqa5uZl33nmHpUuXatFUV1fT2NgIQGlpqVa7gYEBe/bswcPDg9raWg4fOPxEmadPneZu4R26dOnCd999p1O5BQUF1NfXU1paSnFxsVb7+PHjWfHnFQDs/3Zfp32TJypY3igndl0stTW1AHh5eZF8IZnevXu3W2BAQACpqan06NEDgHv/e48tmxJQKpXt5tkSaSmp3L1zFwsLCzZu3IggaHuBAwYMIC4ujlGjRrF7926dfCwsLNiwYQMAp0/+QE11jU66pqYmDu07CMDDhw9566232LRpE1KpFFANpuDgYFxdXcnJyeHbb7/F0dGRwYMHk5eXp8Hr448+xqWXC1KplJPHT7b7G7TEExW8b89ecm//BICDgwMnT57Exqbjy6mLiwuJiYmYmJgAKqv8/JnzHeYLKqsZYN68edjZabtl+/fv5+233yYlJQUTExPi4uKYPn06t27d0qIdMWIEgwYNQi6X88+Mf+qUd/P6DWqqazA0NEQQBHJzc5k/fz5OTk5ERUUxZ84czp49i0QiITAwEB8fH/T09DAyMtLY+0G1ciz7eBkAly6mdfRTANCqH1xZUcmJYyfE6127duHg4NApQkG1GsTHxzNnzhwA9u/ZR9DrQR2yIBUKBVeyrwAwYcIEnTTx8fGi1doSnp6eeHh4aN0fN24cmZmZZGdlEzwsWKs9KyMLgGnTp7Fo4SI2bNjA7t27qa2tJTY2VqQLDQ3l4EHVTL99+zaOjo6YmZlp8RszZgwSiYQ7hXeoqa6hq1XXNvS8dbQ6g0/844RoDI0bN44333yzQ4J0YdasWQwYMABQDSj17GsvaqpreNjwECMjI15++eVnera1LWLQoEEAlN3X3qtBFakCeHXIq/Tv359t27Zx9+5dli9fTrdu/w5eHDp0iGHDhnH8+HF69+6tU7mg8tNfcHwBpVJJeVnZM/VBF3QqWKFQkHz+AqDyW6Ojo3U+fOXKFU6fPk16ejq//PKLTpqrV69y+vRpLl26pOUTSyQS1q5dK15feCSzvah55MLZ29vr3HvbA7VBqLZDtGQ+cv3UdOrzVatWUVRUxObNm3F3V7lZP/zwA6NHj8bd3Z2EhAQaGhp08rSztXvEW7fMZ4FOBefn5otGha+vr9bSlZGRwYABAxg4cCAhISEMHjwYBwcHtmzZItJkZWXx8ssv4+XlRUhICP7+/nTv3p34+HgNXiEhIaLVeePqddG6bQ8EQdWd5ubmdvN4HGpegkT3gFHLVIdoW8LExITIyEhu3rzJ8ePHCQgIACA/P5/33nsPZ2dnli1bxr179zSek+hJHvHu+CDVqWC1YQUwduxYzbbcXIKDg8nJyUEikeDp6YmzszPV1dVERkaya9cu7ty5Q3BwMNnZ2UgkEvr374+zszO1tbUsWLCAL774QuRnYGDA8OEqn08ul3O38E67O6P2VcvKylpVsru7u2jBq+Hp6all8KihdqNa84PVe6Q67KgLgiAwatQoUlJSSEtLw8nJCVAFVdauXYuLiwtTp04lIyNDJfP+k2U+C3QquKqySjz39fXVaFu5cqXoAnz11VdcvXqVwsJCwsLCiIiIIDg4mOjoaHHp2r59O9euXaOwsJCJEycSERHB7373Ow2eXl5e4nl1lW53pC3oatUVU1NTGhsbxY/1OLZv386CBQs07h0+fJiZM2fqpL906RIA9q0MgBccXwAgKSlJZ/vPP//MokWLxO/h5+cnLueOjo5069YNuVzOnj178PPzIyAggJ9//hlBEDSW/fZCp4Jbrv2PCzl79iwAVlZWzJgxQ8VEImH//v0kJCTg6OjIuXPnALCxsdGgOXDgAAkJCeII1iWjtqb9CtbT02OAt8poU1usHcWxY8cAGOg9UGe7j68PACdOnNCyMSoqKnj99dfZsGEDTk5OvPLKK7z00ktkZmYCEBMTQ1FREQkJCeI+nZqailKppFdvVywsLTr8/joVXP9ohgJafm95eTmgUsrjseeWHQPo3r17m/aRltamVFr/VPonITBoCAAJCQlPXDbbgsTERC5fvoyhkRHevrqTDu593bGxtaG6upq4uDiNtm7durFo0SJcXFyor68nLS2N69evY2JiQkxMDNOmTcPExISIiAhu3rzJkSNHRDfRP9C/Q++uhk4NmZiaiuctkwuAaBCVl5e36lqoacraaOa3TEKYmJq06ZnWMMhvEH3c+iCTyYiIiGi3wVVdXc3ChQsBGDFqeKtJET09PcImvw3A6tWruX79utgmCAKRkZEUFBSQn5+Pl5cXM2bMoKKigg8//FCDjyAIXEq/hEKhoKtVV0aMHNGu934cOhXc0rm+f/++RltQUBAAlZWVHDhwQLy/fPlyQkNDuXbtmkhTVlamQbNixQrGjRtHTk6OBs+WMjpqWAiCQPijVOSxY8eIiop65jBofX09EyZMIDc3Fzt7O0Injn8i/dA3huLm4YZMJmPkyJE6Y829evXCzMwMGxsbrWwSqGyDdTHrAJj++xmdVhGjU8HW1lbieVZWlkbbsmXLxDKTyZMn4+fnh7e3N2vWrOHo0aNkZ6sSEeow5KRJk/Dz88PHx4dVq1bx3XffkZ6ersGz5ai3srKio3DzcGN25GxAlYoLDw/X8NODgoKIiYkRj5bbUG5uLgEBAZw7dw5jY2P+tGwJpmamWjJaQiKR8KePl2Bja0NRURG+vr5cuXJFiy4lJUUrkySXy4mKimL27NkolUrGjB/Dq6+92pHua0AP+MvESRM19tPm5mbOn1EZSg0NDcyaNUtsc3BwwNfXl+TkZGpqaiguLub+/ftYWFgQHx/PrFmzsLW1JSAggOTkZKqqqiguLqakpARzc3M+//xzIiMjNWTNnTuXhoYG9PT0mDlnJvr6HaokAsCllwtm5uZczc4hOzub3bt3Y21tjZubGz179mTIkCHiYWxsTGlpKWvXriU8PJzi4mIsu1qyZPmH9O7TtsRKly5deHmQN1eyr1BSXMK2bdsoKSmhf//+OgetXC7n+PHjjB07lsTERABGjxvNtJnTO8X/VSqVHNp3UHc+uKmpibnh7yKVStHT0yM3NxcXFxetF7x48SJlZWWYm5szZMgQrfBbU1MTqamp3L9/HzMzMwIDA7Gw0LQMk5KSeO211wDo278fn0Z/2uHOtcTVKzkkbNxCxSPj0MTEhKCgIOzt7cWSnYKCAtLT08X92t3DnfmLP8DWzvaZ5clkMhI2biY99d+rVN9+fenXrx9WXa1obGykrKyMlIsXkdbVAapqmBl/COf1N1/vhB6r8NSE/44vd/A//1AlG6ZNm8Y333zTacJbIigoiOTkZADe/eNc3hze+THvxsZGThw7wZnvT4tBhMchCAJ93PowevwY/Pz9OjyLbly7wcG9B7hx7Uarhp6lpSWvBb/G2AnjMDPXHZtuL56q4PKycj6ImE9TUxMSiYTU1FT8/Pw69SWOHDnC+PEqA8ayqyV/27b5VysjVaMwv4C8n/Kora3jl19+wczMFCtrazy9PLHuprt2qiOQ1kkflc1WUVcnxdDQQFU26+qCm7tbp8XMH4dawa1udrZ2towOHcORA4dpbm5m7NixpKenawUp2ov09HSmTpsqXk8Nn/arKxfAxbUXLq69fnU5aphbmDNk6JD/mLzH8cSE//iw8fR0eRFQuTITJkygqqrqSY+0CXl5eYSFhYllQC8N8GLoG0M7zPc5tCEAyuBhwRpLhY+vDz5+qjxoZUUlH0d9JAY8XF1dOXr0KJ6enu0SeObMGcLeDqO6SsXPzt6ONZ+vFf3fxO+Oc+/ne09i8RxtgFKp5Mz3Z1Tnjx8mJibKrV9/odx/7IBy/7EDyuj10UpTM1Ox3czMTLlmzRrlgwcPlG1FRUWFcsGCBUp9fX2Rj62drXLj1k2inGWfLv8//zPvv+3QA/7yuPblcjmV5RX4B/ojCALW3awZ7D+YnOwrSKVSGhsbOXv2LDt37qShoQFra2ud9U/Nzc2kpqayadMmwsPDSUpKEi1Kj34erFj1Z/GXDZlMxudrPqO+vmOx6OfQhIBK0zoxZvwYps2cLl7LZDI2x28mIy1di9bBwQE7OztsbGxQKBRUVFRQXFystWcLgkDIiBAxnAiq6s1VK1Zy64Z24VtHYWxsTGBgoHhdWVnJ1atXMTc3x8fHhxs3boihRU9PT+zs7Dh37ly7qzwFQSA4OJiCggIKClS/9vj6+iKVSsXCvt69ezN48GDq6uo4depUh4ocnvo+PEHBANN/P53RoWM07mWmZ7Lv233PnJx/aYAXk6ZPoo9bH/GeXC5n41/juZR66Zl4tRUvvvgihYWFlJaWIpPJcHJyIicnh1deeYWMjAwePHhAYGAgDg4O3Lp1i6+//pr58+e3W56+vr6qcOHuXTw9PcUsUmZmJvPmzSMyMpL4+Hhqa2sxNDSkpKSEoUOH6qzP7gw8tfD9mx3fsGfXtxojepDfID6L+4zVn61hdOgYnHs666yGNDQ0pG//vkyePpkNf4vjk1WfaCi34UED61bF/GrKbYn58+fj6urKu+++i7e3N126dGHevHn4+/sTHh5OdHQ09fX1LF++vFPk9ezZU+uPih49ehAbG0tsbCy2trb07t0bpVLJ3LlzO0WmLjx1BqvRx60P8xa+j4Oj7tJZhUJBTXWNWIlpZGT0xJLPrMwstmxKaLWgvLOgnsGnT5+moKCAoKAgUlJSmD1blYzYs2cPw4YNw8rKijlz5rB9+/YOyVPP4J07dzJ16lT8/PxISEggMzOTCxcusG/fPnr06KFVh/Vroc1R/dyfclm66ENGjR3FW+NGi9kiNfT09Nr0j2vp/VIO7j1A8vnkTi2OexoKCgrIysrC2NiYKVOmEBcXx7Vr14iKiiIvL4+MjAx27NjRafK+//57DA0N2bp1q+iCGhmpUoAt91xXV1ckEgm5ubmdJrslnrpEt0RDQwMH9x7kj394j6+2bOP2zVttMkbkcjnpqemsj/4rCyI/IOls0n9UuaDyv7du3crSpUsxNjYWw64lJSWUl5eTmZnZab/PqLF48WLc3NzEGu3U1FSampqYMmUKoMpAnTlzhvfff79T5bZEu/JyMpmMUydOcerEKczMzXBzd8O1jysmJiYYPfoh7YHsAdK6On66/RP5ufm/qqXYFkRHR7NkyRIcHR0pKyvjhx9++NVlFhcXs2TJErZu3QqoIniffPIJ69evZ8qUKTg4OKCvr6/zb8POQpv34N8qTE1NGTlypHjd0NBAUlKSWBkKMGrUKIqLi7l8+XKH5QmCwMSJE7l06RJFRUVIJBJCQ0MpKCgQ+Xt7exMQEIBMJuPIkSMaJUudjf96Bf9/hwSofirVc/wmIQhC1b8A7EfwYoKD/vMAAAAASUVORK5CYII=', 'base64'));
INSERT INTO license_localizedname(locale, text, license_id) VALUES ('en', 'CC BY-NC Creative Commons Attribution - NonCommercial 4.0', 4);
INSERT INTO license_localizedname(locale, text, license_id) VALUES ('pl', 'CC BY-NC Creative Commons Uznanie Autorstwa – Użycie niekomercyjne 4.0', 4);


INSERT INTO license(id, active, name, "position", url) VALUES (5, false, 'CC BY-ND Creative Commons Attribution - NoDerivs License 4.0', 5, 'https://creativecommons.org/licenses/by-nd/4.0/legalcode');
INSERT INTO licenseicon(id, contenttype, license_id, content)
VALUES (5, 'image/png', 5, decode('iVBORw0KGgoAAAANSUhEUgAAAHgAAAAqCAYAAAB4Ip8uAAAABmJLR0QA/wD/AP+gvaeTAAASjklEQVR4nO2beVRUV7aHv6pikoJihsYBRAyC0oKChCBKKzFOjeKUVp9ENNiRdIzatMNrja9xQjO4HBK7Y1rs6DIqzhiNie2AIDgiKGqIIGpaxgIKEDA1cN8fFUpKCmQo+63O87fWXavuPfvsfU7te8/Z0wEIMjU1/V4kEmkA4eX1n3+JRCKNmZnZ90CgSCwW346dF+sW+pshUolEwkv850Oj0ZCWkirs+GLHfXFDQ4P3S+X+siCRSBg8NFRUX1ff0wQQGZN5bW0tJhITzC3MjcnWKPjpp5+4ffMW9wvuU6WoQqlUIrWywtbOFu++3vTy7IVIZNS/g6LCIrKvZ1NZUUlNdTWmZmbIZDJ6erjza//+mJmZGVVeI0QiEYIgiEw6wyT/bh7pqenkfp9LWWkZ1VXVaDQaAMzMzJDZyOjWvRs+/foSGhaKs4uzUQbfXpTLy9m3ey8XUi+gUqpapLOxsWHs+N8yZtyYTv3xgiBwMf0iB/ce4OGDhy3SmZubEzIkhDen/w4HR4cOy2sNIkDYc3gv7VmiL164yJGDh7mXd6/tgkQi/Af6M/F3k+jj3acDQ+0YTn3zHV9u/xKlUglA9+7dCQsLw93dHZlMRklJCXl5eZw7d46amhoAHBwd+OPSOF7xeqXd8iorKtmwfgO5d74HwMTEhCFDhuDt7Y1MJkOlUiGXyzl79iw//vgjAKZmZkydMZWIyAgjzVq7D0+bMLV9ClZUKti66TOyMrOatUmlUnr06IGLiwsajYZHjx5RVFTEkydP9OhEIhGvjxpBdEw0pqamxppPMwiCwD/+/g++OXYCgCFDhrBu3TpCQkIM0qvVar766is++OADHj58iKmZKe/O/wODhwxus8yCewWsX7WOivIKpFIpcXFxzJ8/H3t7e4P0Fy5cYNmyZaSkpAAQNjyMufNi2/WxtYR2K7gg/x7rVq6jsrJS98zNzY2YmBhGjRpFQEAAYrFYr49SqSQtLY2TJ0/yxRdfoFAodG19fLz505//hI2NTacnYwh7du3h8P5DiMViNmzYwPz58/Xav/vuOy5cuEB0dDQeHh6657W1tUyfPp3k5GTEYjFLPljKgIABz5UnL5Pz33FLqVJU0bdvX5KTk/H09GzTWDdv3kxcXBxqtZrwN8J557257ZusAbRLwfl5+axcHk99XT0AUispy5ctZ8GCBVhYWLRJYEVFBatXr2bLli2o1WoAnJydiE9YiaOTY6cn1BTXrlzjw9XrEQSB9evXs3jxYr32e/fu4eXlhUajYcCAAWRmZuq1q1QqJk+eTHJyMjIbGZ9s2YCNbcsvokajYekfl/Kg4D6+vr6kpaW1+8U9dOgQU6ZMoaGhgbfnxjByzMh29Tc0pmkTpiJ+HmG5vJx1KxN0yvX28SbrehZLly5ts3IB7O3t2bBhAykpKbi4uABQVlrGmr+spq6uroPTaA6NRsOuxJ0IgsCsWbOaKRegrq5OZww27rtNYWpqyp49e/Dz86O6qpr9e5JalfnPb//Jg4L72NnZcfTo0Q6tShMnTiQ+Ph6ApN37jPaftKpglVLFhvUbqFJUAdC/f39Sz6fSu3fvDgsMCQkhIyOD7t27A/Dox0f8bctfEQShwzybIi0ljcJHhTg4OPDJJ58YpPH19WXbtm3MmDGD3bt3G6SxtLTU9T996jTl8nKDdGq1moP7DgCwYsUKevXq1eGxL1myBC8vL2pqajj59ckO82mKVhW876u93M39AQBXV1dOnjyJo2Pnl1MPDw+OHz+OpaUloLXKz50+12m+ABfTLwIwb9487OzsmrXv3r2bESNGkJSURHFxMcuWLSMiIoI7d+40ow0PDycwMBCNWsO1K9cMyrtz6zaKSgUuLi68++67nRq7qakpS5YsAeDSz/PoLFr0g8vl5ZxIPqG737lzJ66urkYRCtrVYNOmTcyZMweApK/2MXTY0E5ZkGq1mptZNwAYN26cQZqtW7eSnp7e7HloaCg+Pj7NnkdGRnL16lWyM7N4Y/Qbzdozr2j374iIiGa+c0ZGBosWLWp1zPv27aNbt266+4iICCQSCfcL7qOoVGBrZ9tq/+ehRQWfOHZCZwxFRkby+uuvd0qQIcyePZtPP/2U7OxsyuXlpKemM+Q3QzrMT1GpQKlUYm5ujr+/f7v6trRFBAYGAlBWVmawvaiwCIDg4OBmbRUVFVy4cKFVufX19Xr3Tk5OuLm5UVBQQFlp6YtRsEajIfXceUDrtyYkJBjsnJ2dTVlZGTKZDD8/P8zNm4cnb968SUlJCdbW1vj5+ekZZmKxmLVr1zJ27FgAzp873ykFV/3shrm4uBgt5NhoEFYrqg22N7p+v/rVr5q1hYSEkJaW1ir/RlvkWZkFBQUofrZ9OgODCs6/m4+iUjvwQYMG4e3trdd+5coVYmJiuHHjhu6ZnZ0da9euZe5crQ+XmZnJ22+/TVbW06CIjY0N8fHxej7piBEjsLGxoaqqits3b6FUKjscJhSJtCZFQ0NDh/obQqO1LRIbfmEafX9DMmUy2XNXEkMfRSMvsRFeUoNGVqNhBTB+/Hj9trt3CQ8P58aNG4jFYnx9fXFzc6OyspLY2Fh27tzJ/fv3CQ8PJysrC7FYTL9+/XBzc6OqqooFCxawbds2HT9TU1NGjtT6fCqVigcF9zs8mUZftbS0tEUl9+nTp9lX4+vra/ALBCguLtbj3VymrR5dU5w8eRIrK6tWr/z8/Gb9SkpKAJC14nu3FQYVXFFeofs9aNAgvbaVK1fqfMft27dz8+ZNCgoKmDJlCnPnziU8PJyEhATd0pWYmEhOTg4FBQVMnjyZuXPnMnr0aD2e/fv31/2urFDQUdja2WIplaJUKrl06ZJBmsTERBYsWKD37NChQ0RHRxukz8jIAMClhRega7euAAb3WhMTE6RSaavXs9G/4uJiHj58iEgk0m0PnYHBJbrp2v+skDNnzgDaJfmtt94CtMtUUtLTYMDZs2cBcHR01KPZv3+/wUE0lVGl6LiCJRIJ/gP9SE9NZ+/evbz22msd5gVaw+vIkSMA+A80vNQGDArg2OFkjh8/zpMnT/RsjJEjR/L48eN2yUxOTkYQBDxf6Y3MRtbxwf8Mg1/w4ybRnWf93kZr0sXFpdnb1wi5XA5oDY+2GDsODk9TZTU17ftDnkVomNZI27ZtGw8ePOgUr4MHD3Lr1i3MzM0ZOGigQZo+Pn1wdHJELpezefPmTslTqVR8+OGHAAQPbm6VdwQGNWQplep+N00uALowXFlZWYuuRSNNaWlpmwbRNAlhKbVsU5+WEBgUiHdfb548ecKcOXN0RlJ7UVJSQlxcHACjxo5sMfwokUiYMu1NAFavXs2tW7c6NnBg1apV5OfnY2tny6gxozrMpykMKrip7/Ws8TB06FAAysvL9Zbc5cuXM2HCBHJycnQ0paWlejQrVqwgMjJSz/p+VkZrQf22Yvbv38bCwoJTp06xcOHCdodBFQoF48aN4+HDhzg7OzNh8sRW6cOGh+HlrQ0xRkREUFhY2O4xJyYmsnr1agCiZr1ltIoYgwq2t38a4ns207Js2TKdGzNt2jSCgoIYOHAga9as4ciRI2RlaRMRjWHIqVOnEhQUREBAAKtWreLo0aNcvnxZj2fTt95QeLG96NmrJ7Hz30UkErFlyxbefPNNvaTCiBEj+Pzzz3WXs/PTSpPc3FyCg4O5fPkyXbp0YdHyxUitpIbE6CAWi1n058U4OjlSUFBAcHAw2dnZbRqrSqVi0aJFxMTEIAgC4yaO61Qs4FlIgL9MnjpZbz9taGjg3GmtoVRfX8/s2bN1ba6urgwaNIjU1FQUCgWFhYUUFxcjk8nYtGkTs2fPxsnJiZCQEFJTU6moqKCwsJCioiKsra356KOPiI2N1ZP1zjvvUF9fj0QiIXpONCYmnaokAqCHWw8cnRzJzswiJyeH7du3Y2ZmRu/evfHw8CAgIEB3WVhY8MMPPxAfH09MTAylpaXYO9izePkSPHu3LadrYWHBgMCBZGdl8+hfj9i+fTslJSX4+PgYfGlVKhVff/01kyZNIjk5GYCIyAhmREcZJUgjCAIH9x0wnA9Wq9W8M/P31NTUIJFIuHv3rl5SvHGA6enplJaWYm1tTWhoKFZWVno0arWajIwMiouLsbKyYvDgwchk+pbhuXPnGDZsGAA+/foSnxDf6ck1xa2bOXy28TPkZVrDTyKREBgYiIeHBzKZjOLiYnJzc8nNzdX18Q8YQOy8WOzs27+a1NbW8tfNW7mc8XSV6t+/P3379tUr2Wn8QEBbDfPW2zMZ9vqwTs72KZ6b8N/xxQ5ducuMGTPYtWuX0YQ3QhAEBg8erPM1f/+Hd3h9pPFj3kqlkhPJJzj7zzO62PGzEIvFvNLHi8hJ4wkICuy0zNs5tzmwdz+3c263GHSxsbXlN8PDGD8pEitrK4M0HcVzFVxWWsb8ue+jVqsRi8VkZGQQFBRk1EHs3r2bGTNmAFrj6rO/b31hZaSNKCosIu+HPMrl5dTX1WFrZ4uTizPePt5G/5MBaqprfi6braC6ugYzM1Nt2aynB159vIxeptuIRgW3uNk5OTsRMWEch/cfoqGhgfHjx3P58mV69OhhlAFcunSJmJgY3f1/zZzxwpUL4NrVFdeuxkt7Pg/WMmtCw0L/bfKeRasJ/4lTJuLu0RPQujKTJk2ioqKitS5tQl5eHlOmTNFVXP7arz9hw8M6zfclmkMECOFvhOstFQGDAnT7ULm8nD/H/bcu4OHp6cmRI0fw9fXtkMDTp08z5c0pVFZo+Tm7OLPmo7U6//f40a959K9HnZjSS4DWvjn93Wnt72cvS0tL4fN/bBOSkvcLScn7hYRPEgSplVTXbmVlJaxZs0aoq6sT2gq5XC4sWLBAMDEx0fFxcnYSNn++RSdnWfzy//OTeb+0SwL85Vntq1QqysvkBA8ORiQSYe9gz6vBr3IjK5uamhqUSiVnzpzhyy+/pL6+Hnt7e71gQSMaGhrIyMhgy5YtzJw5k5SUFJ1F6d3XmxWr/kd3ZKO2tpaP1nzY7uD8S7QOEVpNG8S4ieOYER2lu6+trWXrpq1cuXi5Ga2rqyvOzs44Ojqi0WiQy+UUFhY227NFIhEjRo1gZpOTDSqlilUrVvL97e+NNK2n6NKlC4MHPz2dUF5ezs2bN7G2tiYgIIDbt2/rQou+vr44Oztz9uzZDld5enp64u7uruPh4ODAgAEDOH/+PF5eXrq8s1wu586dO/z000+dn+Rz0OonHjUrSreENl6Lly8R3D16tnu5+LVff2HNx2v1eO0++JXw6muvvrAlqmfPnoIgCEJxcbGQn58vKJVK4erVq4KpqamQlZUlpKenCyKRSOjatatQXV0tbN68uVPyVq1aJQiCIMTGxgqAMHr0aEEQBMHJyUnYtWuXoFarBYVCoRvT8OHDX+gS/dyY4K4du6ipqWFa1HSdIRYYFEjAoADu5t7lUsYlsjOzePSvR80yN2ZmZni+4on/QH+Cgl+lW49ueu31dfV8su5jbmTpJx9eBN5//32SkpKIjo4mMTERCwsL3nvvPc6fP8/MmTMZNmwYjx8/Zvny5UaRt2bNGg4dOtTseU5ODv7+/jg6OnLgwAF27dqFm5tbh7Nez0Obgr5HDhzh1o1bvLdwHq7dtD6kSCTCy9sLL28vomZFodFoUFQqdJWY5ubmrVYEZl7N5G9b/qqr/XrRmDNnDuHh4QwdOpTExERqampIS0tj7969fPzxx9jZ2TFnzhyqqw0X17UHeXl5lJSU8Omnn5KYmGiQRi6Xs3HjRg4fPoyHhwd5eXmdlmsIbY7q3/3hLkv/uISx48fy28gIXbaoERKJpE1nXEuKSziwdz+p51KNWhz3PNy7d4/MzEy6dOnC9OnT2bhxIzk5OcTFxZGXl8eVK1fYsWOHUWQ1JlCuX7+uK34whMb990WesmxX2qa+vp4Dew/wzbFvCA0LJTQsFC/vPs8Nt6lUKq5fvU7qufNcvXz1hS1HreH06dMkJSVx7NgxoqKiCAoKIicnh6KiIsrKyrh69arRjs+ANgW6adMmFi5caLDdxMSEqKgo5HI59+61/Zx1e9GhvFxtbS3fnviWb098i6WlJR6evXDv6YbMxgZrmTUNGg3V1TVUVlRQkF/AwwcPUalaPln/70BCQgKLFy+mW7dulJaWcurUqRcuc8WKFUyYMEHvGKmPjw/5+fnIZDKkUimzZs16oZZ0q27SLwFSqZQxY8bo7uvr60lJSdErABg7diyFhYVcv3690/J8fX3p3r07J09qD4/169dPd17Yz88Pd3d3QHvC8dq1awbLbY2JX7yC/79DDFQ+l+ol/iMhEokq/heXOO2oD/FAQQAAAABJRU5ErkJggg==', 'base64'));
INSERT INTO license_localizedname(locale, text, license_id) VALUES ('en', 'CC BY-ND Creative Commons Attribution - NoDerivs 4.0', 5);
INSERT INTO license_localizedname(locale, text, license_id) VALUES ('pl', 'CC BY-ND Creative Commons Uznanie autorstwa - Bez utworów zależnych 4.0', 5);


INSERT INTO license(id, active, name, "position", url) VALUES (6, false, 'CC BY-NC-SA Creative Commons Attribution - NonCommercial - ShareAlike License 4.0', 6, 'https://creativecommons.org/licenses/by-nc-sa/4.0/legalcode');
INSERT INTO licenseicon(id, contenttype, license_id, content)
VALUES (6, 'image/png', 6, decode('iVBORw0KGgoAAAANSUhEUgAAAHgAAAAqCAYAAAB4Ip8uAAAABmJLR0QA/wD/AP+gvaeTAAAZBElEQVR4nO2bd1RU1/bHPzNDsQECIlgQOwhKUUB+WAAjMYkFGyhBY3vRGBOVaKLGGkssUZ88FF36NE9NLFgwoD4s0YAFRCkCtigiqPSODAgM9/fHhCvjDIgka/1+7y2/a81ad+7ZZ+9z7j5l7332AXDW1ta+L5FIFIDw7vef/5NIJAodHZ37gKNEKpXenf3l7E4D3Qe1lMlkvMN/PhQKBVcjrgg/7vnxibSmpsbqnXL/uyCTyRgweKCkXF7eWQuQ/JXMy8rK0JJpodtM969kWy8yMzJJiEugqLCI0pIStHV00NfXp3MXC/rY26Kjo/OXyMnNySUhNp6CggJKikvQ0tJCT1+fjuYdse9nT7Nmzf4SOYWFhcTfiic3J5eSkhKkUin6+vq0a98Oh34OtGzVslF8JBIJgiBItP5MY9LT0omJiuF2/G1ysrMpKS5BoVAAoKOjg76BPhadLbB1sMPZxRnjNsZ/RpwIQRCIvhbF8aMneJqWXi+dbjNdBgwagLevT5Nlx8fGc+xwMI9+f1QvjY6ODo79HZngN5F27ds1Sc69O/c4+vMR7t25hyAIGmlkMhn2/RyY6DcBiy6dG8VXAgiHQ47wNkv07bgEgg8f4+GD3xtdRyKR4OTihLevDxadLRpd73UU5Bfw941beXD/AQBaWloMHjwYS0tL9PX1qaqqIi8vj8uXL/P06VNAqYCJk3wZMXpEo+W8KH1B4NZ/EB8bD4BUKsXFxQVbW1sMDAxQKBTk5+cTGRlJSkqK2BavcV74fDwBiaRxC+PLipfs2r6La5FXAeV36tu3L3379sXIyIiamhoKCgqIiori7t27Is37Hw1jyowpaGlpnqMKhQLfMRPfTsFFhUXsCtxJ3K04tbKWLVtibm6OqakpCoWC58+fk5mZSUVFhQqdVCrF8wNPPpkxBW1t7UZ9hFqkpjxmw5oNFBYU0qpVKxYsWMC8efMwNDTUSH/16lWWLl1KZGQkAG5D3Pnsy8/e2NfMjEw2rF5PZkYmurq6zJkzh2+++QZTU1ON9HFxcSxfvpyzZ88C4OjsyLyv56Or2/A2VVhQyIbV60l9nIqWlhbTpk1j6dKlWFhongD3799n1apVBAcHIwgCvWys+frbr2ml10qN9q0VnJrymA2rN1BYWCi+69SpE3/729/44IMP6NevH1KpVKVOZWUlV69eJTw8nD179lBUVCSWWfayYuG3CzEwMGhQbi1yc3L5dsESiouLsbGxITQ0lK5du4rlhYWFHDx4kN69ezNkyBCVugEBASxcuJDq6mqGDhvKzDmz6pVTWlLKtwuXkJ2VjYWFBaGhodja2qrQvHjxAolEQsuWqvvhwYMHmTlzJhUVFTj/jzMLFi+sdya/rHjJisXLSX2cStu2bTl58iQDBgxo1Lc4ffo0fn5+lJSU0MvGmuVrlqvN5LdScMqjFFYv+45yeTkALVu1ZNnSZcyfP7/RxkVBQQFr164lMDCQ6upqAEzamvDd+tW0MWnTYN3q6mqWfLWYtCdp9OnThytXrqgNDC8vL0JDQ5FIJMTFxWFvb69Sfvz4cSZMmEBNTQ2fzv4Uzw/fV5MjCAJrlq8mOTEZCwsLoqOjMTMzU6MbPXo0enp6HDx4UK3st99+Y9iwYVRWVuLt64O3r7fGPgX8sI1rV67Rpk0boqKi6N69u1pbaieEvr6+mn4SEhIYPHgwpaWleH74Pp/O/lSlvFbBqlNOA/Lz8tmwer2o3O49uhMfF8/ixYvfynI0MjJi69atREREiEtdbk4u61atRS6XN1j313MXSXuShqGhIadOndI463NycgDlh6l9rovx48ezcuVKAI78fETsT13cuH6D5MRkZDIZwcHBGpWbnp5OUVER+fn5PH36VM0gcnd35x//+AcAv5w8RWFBoRqPe3fuce3KNVFOXeUWFBQwa9YsjI2NMTIywsjIiPbt2/P111+Tl5cn0tnb24sD7NdzF3ma/lT9w0HDCq6qrGLrxq0UFxUD0LNnT367/Bs9evRoqFqDcHV1JSoqio4dOwLw/OlzdgXurNdyrK6u5sTREwCsXLlSZVmui927dzNq1Ci+++47PD09NdIsWbKE7t27U1pSSvjZcLXyoz8fAZSj39vbm02bNolbklwuZ8yYMVhYWBAREcG///1vOnXqhK2tLQkJCSp8Zs6cSf/+/al8WckvJ07VK2fKlCl4eHiI73Nzc3F1dWX37t0qW2FOTg6bN2/GwcGB+/fvi++9vLwYOXIkNTU1nDh6XGOfG1Tw8aPHRUu5bdu2nDt3jg4dOjRUpVHo0qULZ86coUWLFgBEX4vmt19/00h7N/kuRUVFmJmZMXv2bLXyZ8+eMXXqVNasWYOuri7JyclMmDCB3bt3q9Fqa2vzzTffAHDjerRKWVrqE54/ey4uhenp6SxatAhzc3Nmz57NF198walTSmX1798fJycntLW1kclkmJubq/CSSCQsXboUgJjoGJXBW1hYyL0795BKpaxatUql3pIlS3jwQOkdDBgwgAMHDnDw4EG8vb3Fvvr4+IiuKMCyZcsAiLsZR1VVlVqf6/WDCwsLOfPLafH/Tz/9ROfOnesjf2vY2tqybds2Zs6cCUDwoaMM9histtfE3YwFYOTIkRqDFpcuXWL//v1q72/duiXyrosRI0YgkUhITUmluLhYXO7j/nCHhg8fzurVq9m2bRuHDx+mrKyMXbt2ifUHDx5MREQEAE+ePEFPTw9jY3Ufe+jQobRs2ZK83DyepT/F3KITAAmx8QiCgLOzs8rAKCsr46effgKgY8eOXLhwgebNmwPg5+dHWVkZZ8+eJSkpiZMnT4pKd3Jyon379mRkZHD/7j362KkahPXO4DO/nKayshJQGhX1LXt/BtOnT8fGxgZQ7vXXr1xXo8nMzALAxcVFI4/6lvb60K5dO8zNzREEgdzsXPF9VkYmoNxC7Ozs+PHHH0lLS2PlypUq7lFkZCQDBw7k2LFjtG/fXqNyAZo3by72LSf7lU2Q+Yecuv2prq7G39+fly9fAkp/uq4dIZFImDFjhvj/9OnTKmX9+vVTyslStz00KrimpobIy5Eig/Xr12vsxO3bt7l48SIxMTFi415HUlISFy9e5MaNG2o+sUwmY82aNeL/yN8i1eoXFSotSU0GT1NRy6u4jtumSY6pqSmrVq0iLS2Nffv2YWdnB8C1a9fw8fGha9eubNmyhZKSEo1yagdG0R82TF057dq9inhpaWmxevVqrK2tadasGUFBQWq+cF275+HDh2+UUwuNCk55+EhsiJOTE1ZWVirlt2/fxs7ODnt7ezw9Penfvz/t2rVTWcqSk5NxcHDA1tYWT09PXFxcMDMzIyAgQIXX8OHD0dPTA+Bu0h1x1RAb+IcfWVNTo6mpTUItL0kdv73WX627v9VCV1eXadOmkZCQwKVLl8TV7Pnz5yxcuBBzc3P8/f15/PixSr3a7aauL1wbK3hdjpmZGeHh4Zw4cYIPP/xQrQ11V6paN/P1/kil6j63RgX//uDVCPHy8lIpe/ToER4eHiQmJiKVSunduzcdO3aksLCQ2bNnc+DAAdLS0vDw8CAhIQGpVIqNjQ0dO3akuLiY+fPnqxhAOjo6DBs2DICqqirSUp+oyDNordwjs7KyNDUVY2NjHBwcVN6ZmprSu3dvjfQA2dnZSt4G+uK71oatAcjMzKy3HoCHhwfnz58nISEBa2trAEpKSti2bRs9evRg7Nix4h5dy6u2D8rn1hr7U1xcTE5ODqampjx58kRNbt1Z+7otVLuc62twHzUquCC/QHx2cnJSKVu3bp1owu/du5ekpCRSUlIYOXIkn332Ge+99x4//PCD6LPt27eP5ORkUlJSGDFiBJ999pnaCK0blCgsKFIpM2unXDKvXbumqamMGDFCDEXWYvLkyYSGhmqkz8jI4NmzZ0ikEtrW2Vvb/+Ed1CcnPz+f+fPni4PDzs6OTp2UhpOJiQlmZmbU1NQQEhKCu7s7ffv2JSkpSaUPSjntNcrJysrC0dERR0dHJkyYoCa/7qSonRCgnL23bt1Sk1MLjQquuze9Hn+9cOECAIaGhnzyySeAchaGhoayc+dOOnToINK0adNGhSYsLIydO3equRV1ZdSVDdDXSWlAnDlzRm0PbwpCQ0MRBIFu3buhp68nvu/3h5zLly9TUFCgUkcul+Pp6UlAQABdunTB2dkZBwcHwsOVvvTixYtJS0vjX//6lzhY4+PjkcvlmLQ1oUPHV66lQz8HpFIp8fHxKku6paUljo6OAMTExLBgwQIePnxIfHw8M2fO5Pz58wCYm5vj5+cn1rtx4wZZWVk0b9Ecy16Wav3VqODS0hfic5s2qmHE2uXA1NRULfZci9xcpXVqZmbWqFOVupZoXdkA1r2tMTQ0JDc3l8DAwDfyagiVlZVs2rQJABfX/1Ep62Degc5dOlNRUcH333+vUtaiRQsWLFiAlZUV5eXl3Lx5k4SEBHR0dFi8eDH+/v7o6OgwZcoU4uPjuXjxoujju7iqWv/6Bvr0sbdFEAQxslaLwMBAMTq4detWevbsSd++fdmzZw8Aenp6HDlyRCWCuHbtWgAcnZ00nixp1FDLli3E57oRFUD0G3Nzc+t1UerSNAZ1DyFa1JENSgvT+2MfQNmZ2iOzpmD16tWkpqZiaGTIsI+GqZVPnOwLwPbt27l+XdVl8/Pz4969e6Snp+Pm5sbw4cPJz89n/fr1aoM4OTkZuVxO8+bNGTVO1YYBmOinPE48dOiQisvj4uLC+fPn1Q43pFIpw4cPJzo6GldXV/F9cHAwZ8+eRaYlY/zE8Rr7rFHBtQYHqBsDgwYNApR70smTJ8X3y5YtY8yYMSQnJ4s02dnZKjQrVqxg9OjRJCYmqvCsK6OuQVILj6Ee9LSypKSkhJEjR5KRkaGxMw1h79694sycPO0TjRknfR370s+pHy9fvmTMmDFq7ggol8jWrVtjaGhIq1bqx3ShoaEsXLgQAJ+PfTTGzbv16M4QzyHU1NTw8ccfExsbK5YNGjSI27dvk5qaSlhYGGFhYaSnp3P69GnRqAO4cuUKU6dOBWDk6JH1JhpojGQZGhmJz/Hx8bz33nvi/0WLFnH69Gmqqqrw9fXFxcWFFy9eEB+vjASNGzeOBQsWcOzYMSoqKpg4cSL9+/dHLpcTF6c8Rx4xYoTKKL1z584r2RrOdmUyGQuXLGTp19/y+PFjXFxcOH36tMhDR0eHDRs2iPTOzs7ic1VVFUuWLGHLli0AeI31YqDbQI0fA2DugnksX7SM9LR0XF1dCQkJYeBAVfrakGVd1NTUsGHDBlasWIFCocBtiDvDvepPMJg+awbPnj7nwb37uLu7c/jwYUaMeEXfuXPneiOHu3btYt68eVRWVtLXsS8TJ/nWK0cGrBo/cbzKfirUCFy+eBlQfqDakQLKMJqtrS0XLlzgxYsXpKenk5WVhb6+PgEBAUyfPh0zMzOcnJw4f/48paWlpKenk5mZiZ6eHj/88INKTLmmpoZZs2ZRXl6OTCZj6qdTNe4lzZo3w76vPUkJSTx/9ox9+/aRk5ODtbU1xsbGDBw4UPx16dKFqqoqwsLCGDduHGFhYYBypPtNndSgXaCtrU0/Z0fuJt8h43kG+/fvJzU1FSsrKzV7BJT+7MWLF/Hx8eHnn39GEATc33Nn1hez6rVRQDlonVycePT7Q54/e86RI0dISkqiR48eKkEQUSeCwPXr15k0aRJBQUEoFAqc+jsx7+v5GhMnBEHgxNHjms+DFQoFM6d8SmlJKdra2qSmpqodMpSVlREdHc2TJ09o27YtHh4eaktWeXk50dHRPH78GBMTE9zd3dHX11ehiYiIwN3dHYBeNtZ8t/67ej8KQNmLMnYF7uRG1A3xnZ2dHb169VJJ2YmMjKS4WBnZadWqFZ/MmIL7e+4N8q6Lly9fsnfXP4m4FCHaGpaWltjZ2dG6dWuqq6spKCjg6tWrokvYrFkzJvhNaHDmvg6FQsHBfQc4d/acGPzo0qUL/fr1U0vZqfWrlalBo/H52KfewfrGA/8f9/zIv8OUKSjTp09n7969jW7022Dw4MFcuXIFgJlzZjF02NBG1buTdIeQYydJTkyuN8plaGTIYA83vMZ6aUxraQxSHqVw7FAwibcTqa6q1kijp6eH6+ABjPUZW2/60Jvw7Okzjh0KJvZmrFo0rxbNmzenv2t/xk/0pq1p2wb5vVHBuTm5zPtsLtXV1chkMqKiotSCHn8WISEhjB07FlAaVzv+GfTWaa6lJaXcjr9NYUEBJSWl6OhoK9Nmu3Whp2XPRie/vQllZWUkJiSSn5tPSUkxWlpa6BsYYN6pI1bWvd4qabEhvKx4ye342+Tm5lJSXIJUKlGmzXZoj00fm0bnsTUqZefwwcOEHFNawWZmZsTExKgFKZqKmJgY3D3cxcyKz+fNeasl9B0aRqNSdsZ6jxXzb7Oyshg/fryKz9pUPHr0CG9vb1G5fexscRvi9qf5voM6JIAwauwoJJJXurZzsKO3rTJYn5+Xz7cLlogBDysrK8LCwtSSxBqLX3/9FW8fbzFXyaStCd9vXi/6v5cuXBLPTN+h6RCEGkJPKuPxarfT9PT0hD0H/ikEhx4TgkOPCeu3rBdatmoplhsaGgoBAQFCRUWF0Fjk5eUJ8+fPF7S0tFT4bNm+VZSzbPVyQSKR/J/fzvtv+smAVa9rv7KykrzcPFxcXZBIJBgZG9HfpT+JCbcpLS2loqKC8PBw9u/fj1wux8jIiLZt1a26mpoaoqKiCAwMZMqUKURERIgWb4+ePVi+doV4AiKXy/lh3SZKS0vV+LxD0yFBqWmNGDdhPBP8Xh1dlZWVERQQxM3oGDXadu3a0blzZ/FmQ0ZGBqmpqWonMxKJBM8PPJkyYyraOkqLsLq6mjXL13DvTuPizA4ODuIBhVwu59GjR+Tk5ODq6kpVVRU3b94EoHXr1jg6OnL37t0mhTfd3NzIzs4WMxnt7e1RKBTiMWCnTp1wdXWlsrKS8PDwN6b/NgQ7OzscHR3JzMzk3LlzKgkBAwcOpKSkRC3E21g0dJFY+PTzmeISWvv7ZtkiwaJL57deLvrY2QrrNn+vwutwyBHBbYjbW/EJDw8X5HK5kJKSIuTl5QmVlZXCgAEDBH9/f0GhUAhOTk4CIBw4cEDIyMgQ9PX1m7S85efnC3l5eYKJiYkACKGhoUJwcLAACBMnThTkcrlQUFAgFBYWCk+fPhW6du3aJDlffvmlUFFRIVy+fFnIzc0VIiMjxa3MyspKEARByM7OFrS1td+ad4NWtCAI7AnazdGfj6icHDk6O7Jp2yZWrlvF0GFD6WjeUaObpaOjQy+bXvhO9uXvO7axfM1yevR8lVtULi9n45oNRFyKaKgZGnH9+nW6detG+/btqaiowMXFhcDAQBITEwkICMDd3Z1JkyaxZMmSenOmGgNjY2O140MDAwOCgoI4dOgQxsbGdOrUiaysLObPn98kGdOmTePo0aN4eHgwdOhQsrKyxHClr68vjx8/xsjIiPffV7+N8SY0uETXRY+ePfjC/0vaddB8aqFQKCgqLBLzhXR1dVVOpV5H3K04dgXuFHO/3gbh4eH07t2bM2fOYGJigouLC87Ozjx79gx3d3cuXbpEfn4+jx49YsCAAU3O58rPz+fMmTP4+vry4YcfMnfuXCoqKggKCuLy5cs4ODioJb03BRs3bmThwoXExMRw/vx5goODuXPnDjKZjLS0NAIDA3Fzc6O8vJxx48a9Fe83Xl2pxcPfH7L4q0UEHzqqca+RyWQYtzHG1MwUUzPTepWbnZXNjm3b2bR2Y5OUW4vS0lJiY2OJjY1FJpMxd+5cQHk36OjRoxgbGzNnzpw/nawXGxvLjh07CAoKEvOUa28N1g0pWlhY0KtXrybJWLRoEcOGDePmzZtMnjyZ2NhY7Ozs8PDwoEOHDqSkpJCYmMjw4cMxqnPS1xg0WsGgPDw4fuQ4c2Z8zt5d/+TBvfuNykuuqqoiJiqGLes3M3/2PCIuRfzpD//8+XN2797NunXriI6Oxs3NTSxLSkpCoVCIx5N/FitXrqRVq1biNZO4uDjkcjm+vspjOplMxqlTp1ixYsVb89bR0eHBgweYm5szd+5cevfujUwmY+DAgUybNo3S0lI2btyIt7c3MplMlNlYNOmGf1lZGefOnuPc2XO00mtFT8uedOvRjRYtWqD7RzqJvExOaUkJvz/4nZSHKfUG0JsKZ2dnbt26ha6uLtbW1nz11Vd/Kf+6KC4u5vPPPyckJARQZqr4+/uzY8cOPvroIwwMDDAyMmLy5MlvzbuyspKoqCi2b9/OqFGjMDU15cWLF0RFRbF582b8/f3FdOQTJ04wffp0duzY0Wj+jd6D/z9h0KBBYoK6IAgkJyerXMrq1asXNjY2HD+u+UJWY+Hl5cXdu3fFzI5Ro0aRm5tLVFQUANbW1ri5uVFdXc0vv/yi8VZjYyCVSvH09KRPnz7I5XIxC2bQoEFcuHBBDA9bWlpia2tLSEiIWm50ffiPVPA7NB5SiUSifoH1Hf4rIJFICv8XQuTe2gvtCnYAAAAASUVORK5CYII=', 'base64'));
INSERT INTO license_localizedname(locale, text, license_id) VALUES ('en', 'CC BY-NC-SA Creative Commons Attribution - NonCommercial - ShareAlike 4.0', 6);
INSERT INTO license_localizedname(locale, text, license_id) VALUES ('pl', 'CC BY-NC-SA Creative Commons Uznanie autorstwa - Użycie niekomercyjne - Na tych samych warunkach 4.0', 6);


INSERT INTO license(id, active, name, "position", url) VALUES (7, false, 'CC BY-NC-ND Creative Commons Attribution - NonCommercial - NoDerivs License 4.0', 7, 'https://creativecommons.org/licenses/by-nc-nd/4.0/legalcode');
INSERT INTO licenseicon(id, contenttype, license_id, content)
VALUES (7, 'image/png', 7, decode('iVBORw0KGgoAAAANSUhEUgAAAHgAAAAqCAYAAAB4Ip8uAAAABmJLR0QA/wD/AP+gvaeTAAAX0UlEQVR4nO2beVRUV7aHv6piUEZBZZBBaeKEAgqiPAdAI2YwiHHEOMZ2wrajKFmRxESiODxNJxqjMSYxz5ggYlQcYrS1jYAKUYECFDWKBERmiknGouq+P5ArZRUImrXe617+1rprVd2zz97n3H3uPXs6AEP19fVvSSQSFSC8uP79L4lEojIwMLgFDJFIpdKM4L8HO470G2Usk8l4gX9/qFQqLsbGC999/d0fUrVa3e+Fcv+zIJPJGOEzUlJbU9tLD5D8mcyrq6vRk+lh2Mnwz2TbKvLz8klNSaVMUUZVZSX6BgaYmZnRy6knroPcMDAw+FPkFBcVI09KQaFQUFlRiZ6eHqZmZtg72DPIcxCdOnX6U+SUlZWRci2F4qJiKisrkUqlmJmZYdvDlsGegzE2MW4XH4lEgiAIEr3nGUxOdg5XE68gT06lqLCQyopKVCoVAAYGBpiZm9GzV0/cBrsz1HsoXbt1fR5xIgRBIPFSAj8dPMz97JxW6Qw7GTJi1Aimzpj2zLJTriVzKOoQd3+/2yqNvoE+XsO8mD4zCNsets8k5+aNmxz8MYqbN24iCIJOGplMxiDPwQTNnE5Pp17t4isBhANHo+jIJzo1JZXoyGju3P693X0kEgle3l5MnTGNnr16trvfk1CUKvhsy2fcvnkLAD09PXx8fOjbty9mZmYolUpKSkr49ddfuX//PtC02IJmzeCNiW+0W87Dqod8/o/tyJPlAEilUjw8PHBzd8PSwpLGxkaKi4uJvxhPzqNFJpPJmDhlItPemo5E0r4PY31dPbu/2M2luItA03Py8PDAw8MDS0tL1Go1CoWChIQEMjIyRJpxr7/CvAXzWtWbSqVixptBHVNweVk5u3d8SfK1ZK02Y2NjHBwcsLa2RqVS8eDBA/Lz86mrq9Ogk0ql+L/qz5y/zkVfX79dD6EZWZn32Lx+M2WKMkxMTFi1ahXLly/HwsJCJ/3Fixf54IMPiIuLA8B3jB9L/r7kqXPNf5DPpnUbKcgvwMDAgODgYMLCwrC2ttZJn5yczOrVqzl79iwAQ4YOYfm7KzA0bHubKlOUsXndJrLuZaGnp8f8+fP54IMPcHR01El/69YtwsPDiY6ORhAEXAa6EBr2LiamJlq0HVZwVuY9Nq/bTFlZmXjP0dGRBQsW8Oqrr+Lp6YlUKtXo09DQwMWLFzl9+jRff/015eXlYlvf/v0IfT8Uc3PzNuU2o7iomPdD36eivJwBAwZw/Phx/vKXv4jtZWVl7N+/n4EDBzJmzBiNvtu3byc0NJTGxkbGvjKWRX9b3Kqcqsoq3g8No7CgEDt7O079fAo3NzcNmocPHyKRSDA21twPv//+exYuWkhDfQND/2soq1aHtvom19fV89HqD8m6l4WVlRVHjhxhxIgR7XoWJ0+eZObMmVRWVtJ/gAsfrv8QPT3N3bZDCs68m8m6NR9TW1MLgLGJMWs+WMOKFSvabVwoFAoiIiLYsWMHjY2NAHS36s7Hm9bRrXu3Nvs2NjYStiqM7Kw/cHV1JT4+XmthBAYGcvz4cSQSCUlJSQwePFij/aeffmL69Omo1WoWBi/E/7VxWnIEQWDdmnXcSL+Ovb09V69excbGRotu4sSJmJqasn//fq22CxcuMG7cOJRKJVNnTGPqjKk657Rt62dcjr9Mt27dSExMxNnZuc1n8CTkcjk+Pj5UVVUx7rVxLAheqNHerGBpK/1FlJaUsnndJlG5L/V+iZTkFFavXt0hy9HS0pJPP/2U2NhY8VNXXFTMhvAIampq2uz7rzPnyM76AwsLC2JiYnS+9UVFRUCTkpp/t8SUKVNYu3YtAFE/RonzaYnfLv/GjfTrSKVSjhw5olO5OTk5lJeXU1payv3797UMIj8/Pz7//HMAjh2OoUxRpsXj5o0MLsdfRiaTER0d3WHlAgwaNEhcYOfOnON+zn2ddG0qWNmg5NP//pSK8goA+vTpw4VfL9C7d+8OD6gZw4cPJyEhAXt7ewAe3H/A7h1ftmo5NjY2cvjgYQDWrl2r8VluiT179jBhwgTCw8MZN0777QQICwvjpZdeoqqyitOnTmu1H/wxCgC1Ws2UKVPYsmWLuCXV1NTw5ptv0rNnT2JjY/nll19wdHTEzc0NuVyuwWfx4sV4eHjQ0NDAscMxOuQcBGDu3LmMHj1a51jbg8DAQAICAlCr1Rx59IyeRJsKPhgZJVrKVlZWnDlzBjs7u2ceUDOcnJz4+eefMTIyAiDxUiIX/nVBJ23G9QzKy8uxsbEhODhYqz03N5d58+axfv16DA0NuXHjBtOnT2fPnj1atPr6+rz33nsA/HY5UaMtO+sPHuQ+QCpreiQ5OTm89957ODg4EBwczLJly4iJaVLWsGHD8PLyQl9fH5lMhoODgwYviURCeHh4k5yE3zQWb1lZGTdv3EQqlYo0z4M1a9YAkHQtCaVSqdXeqh9cWlLKqeOnxP8//PADvXr1eu4BNcPNzY3t27ezcGHT3hEdeRCf0T5atkDy1SQAAgICdAYtzp8/z759+7TuX7t2jUWLFmndDwgIQCqVkpWZRUVFhfi5T05KAWDcuHFs3rSZbdu2ceDAAaqrq9m9e7fY38fHh9jYWAD++OMPTE1N6dpV28ceO3YsnTt3prSklNyc+zj0bLKM5UkpCILA0KFDtRZGUVERkyZNauWJNWHTpk2MGjVK/O/l5UWPHj3Iy8vjVsYtXN1dNehbfYNPnTglGkMTJ07E39+/TcHPgvnz5+Pu7g40LajL8Ze1aPLzCwDw9vbWyaO1T3trsLa2xsHBAUEQKC4sFu8X5OUD4Ovji7u7O9999x3Z2dmsXbtWwz2Ki4tj5MiRHDp0iB49euhULkDnzp3p27cvAEWFj22C/EdydM2nvr6eS5cutXmVlpZq9JFIJHh6emrJaYbON1itVhN/IU5ksGnTJp2TSE1Npbi4GDMzM9zd3XX6fenp6RQWFmJqaoq7u7uGYSaVStm4cSPjx48HIO5CHKP8Rmn0Ly9rcq10GTzPCmtra7Kzs6lo4bY1y7G1tdWgCw8PJywsjMjISLZv305qaqr4sO3s7AgJCWHRokWYmprqlANQ/siGaU1OS/qLFy+2Ofb+/fu3KqeihZxm6HyDM+/cFQfi5eVFv379NNpTU1Nxd3dn0KBB+Pv7M2zYMGxtbfnyyy9FmuvXrzN48GDc3Nzw9/fH29sbGxsbtm3bpsHL399f/ExmpN+goaFBc4CPfGu1Wt3mxDuCZl6SFn57s7/aHGptCUNDQ95++23kcjnnz58Xv2YPHjwgNDQUe3t7Vq5cyb179zTH/mg/b+kLSyTSVuXo6+szePDgNi9dHsTj+Wj73DoV/PvtO+LvwMBAjba7d+8yevRo0tLSkEqlDBw4EEdHR8rKyli6dCn79u0jOzub0aNHI5fLkUqlDBgwAEdHRyoqKggJCdEwgPT19XnllVcAUCqVZGf9oSGvS5emCRUUFOgaKl27dtXyea2trRk4cKBOeoDCwkIAzM3NxHvmXboA8CDvQav9AEaPHs0///lP5HI5Li4uAFRWVvLZZ5/Rp08fJk2aJO7RzduLeZfHSmlrPrm5uRgbG7d5nThxoo35aCtfp4IVpQrxt5eXl0bbhg0bRNfh22+/JT09naysLKZOncqSJUt4+eWX2bp1KyUlJQDs3buX69evk5WVxZQpU1iyZAmvvfaaBs+WkaIyRblGWw+7HgBcunRJ11B54403xFBkM2bPns3x48d10ufl5ZGbm4tEKsGqxd5q06NpC4iLjdPZr7S0lBUrVogP093dXQwpdu/eHRsbG1QqFUePHsXPzw8PDw9uPood29g+3l6a5eiaj1QqxcjIqM3ryYiVWq3m2rVrWnKaoXMPbrk3PRl/bY63WlhYMGfOHHFg0dHRWjTdunXToDl06JAucRoyWsoG8PDy5ETMCX7++Wfq6uqeOy13/PhxBEHgpd4vYWr2eN8cMnQIB76PJD4+HoVCgaWlpdhWU1ODv78/KSkp7Nmzh4EDB6JUKkX/d/Xq1SxbtowDBw6wbds25HI5KSlNVnl3q+7Y2T92LT2GeCKRSEhJSeHevXsafr2dnR3V1dUdmk9iYiKFhYV0NjKib/++Wu063+Cqqofi727dNMOIzVEia2trrdhzM4qLm6xTGxubdmVVWlqiLWUD9HPpR7fu3SguLmbHjh1P5dUWGhoa2LJlCwDew/9Lo83B0YGeTr2or69n/fr1Gm1GRkasWrWKfv36UVtby9WrV5HL5RgYGLB69WpCQkIwMDBg7ty5pKSkcO7cOTp37vxIjqa1bN7FHLdBbgiCIEbWngcRERFA0wLVFW7WqSFjYyPxd8vkAjz+zhcXF7fqojTT6AoZ6kLLJIRRC9nQlIJrjudGRESIKbNnwbp168jKysLC0oJXXn9Fq33G7BkA7Nq1i8uXNV22mTNncvPmTXJycvD19WX8+PEoFAo2bdqktYjT0tKora2lc+fOTJisacMABM0KQiKREBkZycmTJ595PtHR0fzyyy/o6ekxJWiKThqdCu5i0UX8/aQx4OPjAzTtSUeOHBHvf/jhh7z55ptcv35dpCkqKtKg+eijj5g4cSJpaWkaPFvKaGmQNMN3jB99+vWlsrKSgIAA8vLydE6mLXz77bds3LgRgNlvz9FZceIxxANPL08aGhqYMGECd+7c0aJxcHCgS5cuWFhYaGWTAGJiYnj33XcBmPbWNJ2Gj3Pvlxg9djRqtZq33nqLpKSkDs8nPj6eefPmAfDGxDdaLTTQqWCLFvtPcrJm7nfNmjWivztjxgx8fHzw8PAgIiKCmJgY5HI5YWFhYhgyKCiIUaNG4enpyfr16zl27Bi//fabBs8bN248lq0jtyuVSgkNC8XKyop79+7h7e2tsUgMDAzYvHmzeL3++utim1KpJDQ0lAULFiAIAoGTAhnpO1LnwwB4Z9Vy7B3sKS0tZZj3MJ1+aUxMjFYmSa1WExERweTJk1GpVPiO8WN8YOsFBn9dsoC+/ftRVVWFn59fu99kQRDYvXs3Y8eOpba2Fo8hHgTNmtEqvQwInxI0RWM/FdQCv577FYDa2lrmz58vttna2uLq6srZs2d5+PAhOTk5FBQUYGZmxvbt25k/fz7dunXDy8uLs2fPUllZSU5ODvn5+ZiYmLB161aWLl2q8WAWL15MbW0tMpmMeQvnaVmKAJ06d2KQ52DS5Ok8yM1l7969FBUV4eLiQteuXRk5cqR4OTk5oVQqOXHiBJMnTxZdi4CJAcycN6tNu0BfX58hw7zISL9Bfl4++/bt487dO7i4uGjZI9Dkz547d45JkyYRFRWFIAj4vezH4mWLW7VRoGnr8fL24u7vd3iQ+4CoqCjS09Pp3bu3ziCIIAhcunSJ2bNns2vXLlQqFV7DvFj+7gqdhROCIHD44E+688EqlYpFcxdSVVmFTCbjzp07ODk5aTCorq4mMTERhUKBqakpI0eOxMREs7KgtraWxMRESkpKMDExYcSIEZiZmWnQxMbG4ufnB0D/AS58vOnjVh8KQPXDanZ/sVsjWeDu7k7//v01Snbi4uKoqGiK7JiYmDDnr3Pxe9mvTd4tUV9fzzdffkPcr7GireHs7NxUsmNpSaOykZKSEi5fvizaKYadDAmaGdTmm/skVCoV+/d+z5lTZ8Tgh5OTE56enlolO/n5TWFOPT09AidPZNpb01pdrE9N+H/39Xf8cqIp2TBr1iydye0/Az4+PsTHxwOw6G+LGfvK2Hb1y7iewZHow1xPu95qlMvC0gKf0b4ETgrUWdbSHmTezeRQZDSpKak6o08AJqYmjPAZyaRpk1otH3oacu/ncigymqSrSVrRvGZ0NuqM93BvpgRNpbtV9zb5PVXBxUXFLF/yDo2NjUilUhISEhg6dOgzDb41HD16VMyemHcxZ+c3uzpc5lpVWfWobFZBZWUVBgb6TWWzzk706dun3cVvT0N1dTVp8jRKi0uprKxAT08PM3NzHBzt6efSv0NFi22hvq6e1JSmGH9lRSVSqQQzMzN62PXAxXVAu+vY2lWyc2D/AY4earKCbWxsuHLlilaK61khl8sZOXKk6NgvXf63Dn1CX6BttKtkZ9LUSWL9bUFBAZMnT0ahULTVpV3IzMwkMDBQVK6ruxu+Y3yfm+8LaEMCCC+Pe1njU+bp5Ynn0CFAU572/VVhoiHh7OxMTExMm8H8tnD+/HmmTp0qLhQrays2bN0o+r8/HzvJg9y2A/4v8HQIgsC//vmvpt9PXkZGRsJX/7NHiD5+SIg+fkjY9I9NgrGJsdhuYmIibNiwQaiurhbai5KSEiEkJETQ09MT+XS36i58/tUOUc4HH6/5Pz+Z9592yYDwJ7WvVCopLSnFe7g3EokEy66WDPMeRpo8laqqKhoaGsRSmZqaGiwtLbGystJaRWq1moSEBHbs2MHcuXO5cOGCaPH2c+nHR+vXikdKampq+GTjVh4+EYt+geeDhCZN68Tk6VOYPnO6+L+6uppd23dxNfGKFq2trS29evUSTzbk5eWRlZWltWdLJBL8X/Vn7oJ5okXY2NjI+g/Xc/PG0+PMUqlUo7C9vLyc9PR0ZDIZw4cPJzMzk6ysLAB69+4tVkHqKkh7Gnx9fSkoKOD27dtAU6mqSqUiPT0daCr8Hz58OA0NDZw+ffqp5b+6YGBggI+PD7du3SI3NxeAESNGkJ+fT2lpqZiubWho4NatW+2O7zejTQVLJBIWBC/E/1XNeqxrV65x8MeDWsn5p8HV3Y2g2UH07vO47FalUrF7x5fEno9tFw9DQ0Pq6uooLS2loqICW1tb8vLycHV15eTJkzg6OjJw4EAMDQ25ffs2Fy9eZOpU3cXnT4NCoUCtVtO/f3+Ki4s5fvw4dXV1TJs2jaCgIPbu3UtdXR0SiYSHDx/i6+urVdXxNNjY2JCfn096ejqenp4olUru3r3LDz/8wOnTp0lISKCqqopOnTqhp6fHV199xdKlS9tdi9amFS0IAl/v2sPBH6M0GA4ZOoQt27YQsWUDAW9OoGevnjrdLAMDA/oP6M+M2TP4bOc2Plz/oYZya2tq+e/1m9ut3JZYt24dzs7OTJo0CWdnZ+zs7AgODsbBwYGVK1fy/vvvY2JiQkhISId5t0TXrl3ZsGGDxj1zc3N27dpFZGQkXbt2xdHRkYKCAlasWPHMclxdXVm2bJnOtvHjx2NsbMyiRYtYsmQJU6bozhzpQruOjx4+eJi0lDSWhfwdW7umOKlEIqFPvz706dcH3p6NSqWivKxcrMQ0NDTUyEo9ieRryeze8aVY+9VRTJ8+nQEDBuDl5cXJkyfJzMxEEAR27txJWFgY+vr6REREiJ+9Z8X+/ft5++23NQoaBg8ejIWFBV988QWCIFBVVaVV+dJR7Nu3jw0bNrRaiaJUKvnmm29Yu3YtI0aMaLV44km0+3zwnd/vsHrle4wPHM8bEwPEbFEzZDJZu87gFhYU8lPUIeIvxD9XId39+/dJSkqisbGRRYsWifXK4eHhzJw5k6qqKj755JNn5t+MpKQkFAoFu3btIjs7m7q6OjGb1jKk2LNnT4yMjLh58+YzyYmMjMTW1padO3e2SVdfX68zGdManno2qSVqa2v5Keon/vbXpXy7+xtu37zVrr1AqVRyJeEK/9j0CSuClxN7Pva5qyQvX77Mnj17WLlyJWq1WjyZV1VVRVZWFmlpadTX1z+XjGasXbsWExMT8ZhJcnIyNTU1zJjRlKaTyWTExMTw0UcfPZecd955Bz8/v1YPGPj5+eHk5MSVK9pGbmt4phP+1dXVnDl1hjOnzmBiakKfvn1w7u2MkZERho9qpmqqa6iqrOT327+TeSez1QD6syI0NJQ5c+ZgZWVFfX29zmrDPwsVFRUsXbqUo0ePAk3VLCEhIezcuZPXX38dc3NzLC0tmTVr1nPJuX37NuvWrdPa86OiolAqldjb23P69GkiIyPbzbNNK/r/I6RSKZMnTxb/N59BblnxP2bMGOrq6rTKbjqKwMBAMjIyxMqOCRMmUFxcTEJCAgAuLi74+vrS2NjIsWPHOuzCAHTq1ImAgADi4uIoLCzE0NCQCRMmkJGRQUFBgegSCoJAZmYmcrm8Q6c5/u0U/AIdg1QikWgfYH2B/whIJJKy/wX0GuHMN+YEAAAAAABJRU5ErkJggg==', 'base64'));
INSERT INTO license_localizedname(locale, text, license_id) VALUES ('en', 'CC BY-NC-ND Creative Commons Attribution - NonCommercial - NoDerivs 4.0', 7);
INSERT INTO license_localizedname(locale, text, license_id) VALUES ('pl', 'CC BY-NC-ND Creative Commons-Uznanie autorstwa - Użycie niekomercyjne - Bez utworów zależnych 4.0', 7);


INSERT INTO license(id, active, name, "position", url) VALUES (8, false, 'Apache Software License 2.0', 8, 'https://www.apache.org/licenses/LICENSE-2.0');
INSERT INTO licenseicon(id, contenttype, license_id, content)
VALUES (8, 'image/gif', 8, decode('R0lGODlh5QDIAOf/AAABAAUCCAkCABAGEAkLCBcJFw0PEx8KGRERDSAQKDgOIR8YDxkbGzESMEcSHTMYPkgVMFkTJEcXPCQkI1cULz4aRWEWGlcYOTUlI0YcS1QZQkEgUm8YKWoYOHkXLCsuL1MfUkEqHEUjXGwaRTcuG3cbNVIlYGggVHofQpMaM4odNoIeSYAhM4AeUVwnYjY3N4YfQ1opaIwgMHcjXlktdI8gWoQoL5UhS5MhUnctL4AmZp8jOnEscGE1RqghPWUwfZcpPpInZmUzhaEnTaQnRrshPnAxfUVEQaUmV0JGSVRELIIverclQ1pASqgmaZUsc7Mla7sjb5MuerUmZ6UqcW84jLMncXg/Mm05kno2ipM3OKQsdswmQo8yg3Y4k58ugKEue7orUYE2jXZBQ383koY2iYo9ObwqZssqR7YseuAmS8gtT7I1RMEuZFVSUbcwgk1UWP0hTnBLTskvY3ROM+ooUcwwX+spTPQmUNouUGlTMuIsU88xW8Mxg9QvbtowW9wxV/8nVtQ0WK1AVptFXOYwUNoyYuUxV/EwVpJTQeA5ZZZQXYxWS6NRQmVhXmFiZbtKSrJORnRiPltnb+xAVYFgZMpPR3pmY4Vib4hpQZFmRqBjSexMVXFvbYNvQ95TUWpyd4BzXdVbUb9mTu1YWc9mU7RwU9VkcYd/a5J/TOJjdu5jWYKAfZ14gnWDjH6ChYh+kJSAWpqFTKV+cbB/VamAY9B2WJyFhepxgMp/VLOGU/BzX4STnO56YZGSlaCQfaiSU5OTkfGFZJ2cm9qQYsyXaKidoJihqbegWrKck/KQaJCmtbCle+2WZ6WmpbCpmb2qcOGmZ66urtSrY+2ja8qyZKO3xra3t/iubrzAwtrAbb/AvfW4cbPG0vS8h+vCesjIxdnGrsXJzOvLdtHNvujPcfPPdNLQ1MzT1tjS0dLV0fnUedbX4efVw9rY3PjafPLcetbb3uPg5Nzi5eHj4O3jxfvogOrr6Ojr7vXy4u/09/L08fj69/f8/v7//AAAACH5BAEKAP8ALAAAAADlAMgAAAj+AP0JHEiwoMGDCBMqXMiwocOHECNKnEixosWLGDNq3Mixo8ePIEOKHEmypMmTKFOqXMmypcuXMGPKnEmzps2bOHPq3Mmzp8+fQIMKHUq0qNGjSJMqXcq0qdOnUKNKnUq1qtWrWLNq3cq1q9evYMOKHUu2rNmzaNOqXcu2rdu3cOPKnUu3rt27ePPq3cu3r9+/gAMLHky4sOHDiBMrXsy4sePHkCNLVsoP32Sa9/pd3Cdwnr7LM4clAVdx2DB//NARlAf65REAL6RJvMfrlT983dTJftQa5msAE6RpduisGy9+87qhAwXqGEF94NTt27aoFTh9265Z7v3REYDvBJz+8WvozJq1ecnxJekmW2A6G4UKOchTCJEPGXjwFBHP7x6/8dxVpM89Al3z3XcIsAJgQurwYo0jyfGyjCvqCKQPC3zwAYMPgPyRAhOA7LEHIjKssEYeayQyT4AVyTMPgffAcSAABjhCj0KgWLPMK9aA0s0rvgh0Sxtt2NFBhkUM0eEfh6iwRh1Q4pGCB4MMMkuF/qDHYkPzsOMOgc4wMCMAj2BZ0DWgLLMML8xZ44ozAhFyxhkrDDGHISXwYQcff9ggiIh7oMHCIVAiUogMcshgiSWN3ELglgnh46U8+vADCgFjTrDNgv7oA0oSaqZpDS/O8ROEFVZQQOQKc7Qxxxz+HITxxx955MFCIbXuwQQF9RXCCSerjBJBJ3Ik8yikz8XjjrL7gPPCmDSy8hlq7kgDx5oSuhIkOGBsQcUIUEwxwhRTtHEDERnyAQgLszLJwQ5QRllECnncgUcdiOTxyHXIDoScO+6wIw8+wUALAAKd3CiPPGjyMskyoATpzBJPzFDDFi1QQQUUToxA5Bx2IDGEHXYYQgEbdYhYXwo+xBffHSmoUEQhbBDSCmf94qMswPLE86zBSWQTjzzHTDKJK5Pw4o8zZZSxgRRSnLDF1CMgAcWcc5TwcQREzApIiCqEkcfXIrLwZLx4IMKBNOSAsx2L/QEM8DzBGGAwAAKwgs7+NXAw55wzQixRQRknGAG1FBpQ4US4U6wQLgw3pDsrEWEI0u4hJdRK3x6FoOHBKLvsIswor/i35T7zyO0O3QjcTcARnSDwyt9CCLFBFSaQ0TQIOjyh8bdgKO4AkSTzQcQNxWdowxodfo2IB0xQ8muwZuzgAxGEBLMlPqr37MvPdychG+A/CIFFDFVgkcXgXUjxxBMSgAHGCU5MMWcbZ4xwv6t25CkIn39QARruUKgc+EAN+MpPChhRi1okYxu9Qc7OliUPabwAU3dzBCu8IAIsVIEGVaiCFzYghqYRTgdlQJwVFkeuETihfvZrQwdeBTI+lAANLquDB9ZwCBHVgQn+WrDFLnohjFLkYAzWac095KE6uT0CgwYbwAOwYAIhhJAGIAyhGCTQtBMsQQreUpzUNPbCKVCgXES6QQr2UKs6sGBJgDgEB7gwvUikAA8ErM8YjjWZe6BjifgIJD70IY0k3A0AAQhADLxQhQf8IIRVEEIF0ieCLrTvCWDQQBeeIAX5fYtj9WtDBNoFiB0wIUOCEAQF7kBARJitDvFBRApskAhT2BIa2ZgMK+Dwito84hFGm8AjJiAmgwmgABtoQPpC+IAQesEFWchCGbowgx80zZJQg4AUfteB4qUSB62aAx9U4DJZMi+OQGBBKUTXC1s0gg0yYAMkCDELaXBKMTH+Mhov2AQHOEwCDi+4xhESecgEoK8CHqTBI9NXBhNgQX0mrAAPDveEDpzBVXyoWgw78DX6MAEJlhOEB9BACemJwgZFQCAe8ZAHJkAiAsl4BjjSgQ51eOaef9nGJMzjJjggjRc+zcY8YNHQBwzgkADYAAg3YEVnigCSISzDA0xYhgtYgVzmUlz9RsCEduUBBeLkAwfuZS8Z7OAQ9CnED3MwCmU0oxibiCewVlGKSDSCFepwkWWWeCO83MNH1piELz5gtAmlCRTuEEcL3nCCLpSBBw9IwN0CMIACLNKDHYRqFWJggipE0wgjIKMTNNAtKjwBBnvigyJgQLwOcK4+HCD+QvMK4QMtiGIVvWiEDQZIwEP4ig1ayEEjSmGLZjSCEcSgBjFicQ278MMX3fCFM8DhClc4aELWeAU+5lGJM0wBBmmgwgyk0AUjRPaQAUjABkTgBQ9CMgFNbeQX3LcFFLZPCqr6GBFqEK4OnPMQXEMlH8xWCEqQwoCwjA+UfJACNORBeqSIhBbW2QvRCYMRDxSqXFhxjGE89xiusEY3ugHYV8hjH4OwAxHOMAcorMAK8mtsQwsQgEMK4AEgxMIPEApJDTQNaiAwYQyQgNU5jGBqNeiq5VTQAhr2DxFQuoMCwsDGPIjIByqIF5T2kII1GHgVn2jEFeB1CEp8QgsYeEb+MsARj+GkhR8v8Mc2QvwI5fToFSRGjzQs5wND8GEOrJqCFUYgP8duIAaSRWoClAnJBpivi001QuIUBwVCuw+se1IlucpFAUONKAIA/AMgwsCBQgCKc2rAT5SAQAFA1QEPPoiAJXrRC2UoAxuXUAdOxyIOfNzDF9K4Bi/QwQtpnIMX7BgGO/xxiZRx6A+CKIEd5hAG/VmBClswgWNjQIMHFAC9A2iACB7QXs9mtgobeN8TtuCEwRGuVUSiwO8qfc49qAB5qWVB10QNiDwcgglAcJkaIiCrECGCCRxAAyKAtYtRNCIRtMgFMYpRC2aoxiz4GNgw5nGMa8zjGtkFhzz++DEEWO5gD/3mALRt+Ko2TGGiUuBBFsSQhQ1UINGTLUADNmCCHzDSCxm4JuIYmQVwXQ0JpN0CGIJAhFT+AQ0ruKirOkAEPzv9Dz44q5VjDTLLAcID8CpUEbQQCSIK4+ymYAQKcrCIRSRDHeg4B1i4RyBpZMMXADs2L9xRKSIYCl6FUEOpASGIHfwhQ3Y4QSd54FkaLCELXshCAxJQY6QG4AAiUKoJIRvCCnxBY1bowI+jBjI7/KEEMIRCB5DgqldlqAT7BgQQLIrRNUTgT1ZWgwfCML1V7KIUF1jcx4xHB2pMQxLzoAc9ppUV1vDDHbzwBRPZQY83rYgfRCBgCmD+KXjuc2BJhujAG8BQBs9aswxiwF0VuiCEBBwVqd8JQAUQbUUsuABqnxeBCZeAAyK1wQe+ozEUAENoZAeqkiGKwAEtUD8XtQMqNysoEgF4VAe+xQkd8EXeEi43kAi2pgy0kAMKVwcpEAy7FhX78B/4sA/7IA3LwhmPgA7TwgpQsgMTuH1s5AGmFiIr8AZp8ARVUAY00DQzZwLoF02PZQLeBn/xlwAPwAPTFDWQlAUgEAXkcgYaADVgMAM6MG9TAAURwHqu4gA6sE1UMAUogALF8wdMQE4KdgdqIAHSdElgQAGWIAzthAL1tgevNghmkhX7sCzj0Q/SsCKdsQikEAb+lPBqNFgHapBlrzUEb8CDRgCEZRBNNVeJlYgFRgBNZWAEk1d58BduSPhIXuAFIKA4VNAC1yQ4YNBJ3lIDGtCF5KIAS5BCnXSGFwUyQHBWISIiXIBQ6hOHI2BgpAAJJVB6XjcihbADzsB8VyEpOMMP7PA2y3IJkfAJv+IDdWAvKZBHdXADaeAHb4BJM2BJu0NVTbMBTeMFRMhIkQWKSnh5GtA7WwACDyUGQTZN7aMDScduDdBePzYCW8iAQzAE7UIrTNBMUFUGHXAvdUAELRBD4iQIYSADZrAJuWAKm5AJtyAd/aCCJagUGUcQ7rAgcjMPmtALqxAJkcAJiLADrMT+SkPgB4qQBk7QBjVwA9eWBieASfIDNUSIfvrXNDFgQhvgfkp4IAIAADhWBT/wVFVQQhvghJw0A1MUQliwBBrAScFjBSgwMpLDBDwGVRCQMnXgAzNARuVyAznwCUNEa8Jga8SwCRSQCJBgC5sgB9vAPaaRDSEpFDgjEH0lEPcAMPFwDaZwdo2wC6TwCS2zjTtAk3PgA3wQBk3WKjBABVYwNVvwBeNFXjPQilKgA1OzdNbEA4h2APBoeZSVAPM3SUYgTRmwAe4VSRtQi1hIAWDIP2HQALUZSRdgarriApvkOzXgX77Se7tgBjIwQIYCLKWgCXoQDdVQDtYJDZrhZpT+URA7Mw/OUAu5cAVn1wttSQqUQASqoAiKQAR7IAgqly4vJmioggLk4gQ18AZT8wQrYD9IsAHSlAVGIAQA2gAV0ADflpSIlEiJVAEmEAM/8AOclT7StAQdYAVQEC7345tQhQUX0DxoUAFx2AU8UAIEFC8lpQUsUASIwDn4UgQyoAnNQA3UgA3YwA3TAAyxUA3QwAy/4IxNwURykw3SoAu2ZgvrtAqicAq4gAthlwLCuQcr4H/4AwN6EjI6eVUjkCFroEmW1AVBtgShCQaeeQIQUAADsJoIGgAN8AAiQAMxIAHb5C0sdAGMBFUXIGAZgJWPdVbCCSVqQAHoAoE3WHb+Z9eB1JAJwLAO8KANsuAJ1QAMqCAP2skUTXQMukCjdNAMyiAMjVBrKFMHaFAEKVMIu0dDc3ADezAra+AxU9qeARRGXzACXzA/K+QtKzCraRADWQBZCmCmCDomAqCgB9AAGgABDgVVIEA8fAABdeqUKndqoKoqNQRtMGADc4Vb7aQH02AP4+Co9vCt2oAMktCoueQUz6c66PALwbANoYANxIBcyjAGBIQHMElAatB06eJ3IpIHx/gqN2BqhVAENzAn+VM/MHAGF0onqGIFMlYGFwMGT5ABnHWUAqCav6qUiVRZBdABI4ADSAABNNBeWCAEKLAkonYIOzAD4UIkilD+AimgBojgW9IjCFcADOOgDalQDd9qD/CQCsAAD+vwDu9QDqjgo0mhD8rSndyDDqhwqZngDcUACebJBjiELylgsosYHyngZ3wwBEwAS4iAWtMWBjfgKjcAby1AJOLiBNimAVCAKiNQi0S5gDUwAgmQAZFFeTR2sXiToAnwtzBQkJUTQDrQLYuDBB2gomrFSmqgBbIwDuuADMCws/aADLKgDfAwDuVgDu8AD/YQCvnwl0Shgk20OtnwCqEgCeNAB3bYC4mwCqsQYSciamLDSrAGQIZwR6y0Q7OynnxgCKxCMh5QJHOABEhgBy7Xf23QBx0gP2LqAo6zQg3QNGJgBCf+IKZfsHM3d6YKiqboFaxSpAEnEAQjwAGHcL7xkQdsoAvesA7dOg7fOrSSUA3rYA7jgAz1a7/waw7aUA+TmhT7MEFyszPO4Ah0gA3KQAyaYGvCoAVoxUbW+it78Gx/gIO+tYxLogKzkgJhgIDoolowkMGvYgc3AIZvGwRRSiQNIAUm5LYvpAHxFUJXyEkjYLeRRWNLmZQCsMMCEAEcoK3ToA3VgAzvYA7mELmeYA7f4A3eMA5G/MQ3qw3fwKji4BT9EEj8AKTdmViogAzfMA25wA3KlQIXDAR2GDo2ACiAEAmhswtAsKKBcnKy1C4lcAizMgTnJAhAoCdi9QckM23+QAADNEQBaZAGW/AE+mM/J7BQkDQCK+QEVtCfpVgFDVBfQQAB67UBkTUABzAAZ3pIrUMCJKAE0pmzR6zE3MAN37DK4dAOR1wNugAMnsAK/7sUqbMsuOwODPMMzOAIRPwOyIAGsMQFutAMxlwMTOAyLNAMZ2cLLaOH21cITAAigMAEQ+B1KoAHarUDikC7EYByHaIIKkAEe2Ikr0Iux9gGfNAB5pM+WCACSECwZ3AD7AWgHcAxUACHpegFRlADaQAGU3ACDQoCeDvKoiwAC7DDMzIAC6AEtQAMQTwO4cAO7UAOPlsN7WsOzhEVyIEeubw66JENseC5qfC1blQO45D+yo3AOWyUCdxAo5tQokygBvWBg3vQJD0UKNtXB3nwfbQLBLCkMmEzK3yQA+nSBjDgZ4oQt9K0O1VKMjLAA12wBCdQtm2wBiBAUS5g1W2AAy7gk1+QCEA7DrLgvo+qBMCQCUowyguAAAiwAABAAAQQAjmLs3oADKxgFagzQRMkDaEADI4wBlyAB2bgufbwDjkAS3WwA+PQ2OPAAjWIR7oHS2gQAXcQH0UgzHVQBD7wwCwDZT7kJB2yBmTcIWEgW0xyAYcjBV8QAd1Mx4ULBneaISkgNWGEApSZLijwyFawAsjArWVtxNWgBN8KD8jgxI0tuZKwACGAAAFAAAIQAsD+8DZU0Q+3LMDyIDDxsA2w0Aqs8AvaoA3mYAH2Ugc58A7fWg4+AGV54AP3ggbrHbAqYCjL+AmkwAkJp2A7oAJxEJM6xDx7wAY7sKLLyEOcUwKP/EIqcAgddQgeQIVQUMdMsgMtMCddWAO8CAhoUALxfFFIkAj2YA6eELTrUA56kN5O/MTorQ0/Ww6pkLOSoBWVMTAD3D3zIA/oIA3P0HGVwAZcoAYO8LOVK7WkwAJs8CtFEHbTvKJ4AAS2IAzLiUMj4gO3olavNlI37QOiWh8+oNlcwFoEiwOA5zIR4CpnIAOmJkvg9MdDANQvkwLoQjJ+YAbV8A6pUA5CWw6Z4Ln+75DiRoy55SAL1bCoqdAeXPF8SVu6hjk38QAOMnW6svANqWAGtCZcKikKKkBA8xIvTLAJ3KAMm4BAepgHOQC7q/ArHOBpRVAEtttghXC+mEYySGDSFFgIHMAHFAkE88oFGtwua1Bqr34HayhqouYDnmAPwIAM5mAP5SAJfK4Nft7YmSsLqYAKteyHN37jis7XXmKY53AO6HALGNkIITAKuTAKIXADanAHHKAG+aEGOUC/ueADJVoHMmAKykBru8ABCYYGKcAJvuUDkWDqRg1tfxAGjWDqsAsEDB4GPvArv5IDTNBDtZICA9/GEg/He0AB2mDiy47sv82z0A609Vv+D8qSOmWhD4IEMF4yQbfcRD2TDdmADuggDuIQ0sZgDJ2ACWyQUkVQs8hAC2yAB4GAB2hgBrSADTKaCFwQH2pgA0JECpZgBqHTC2bABPmyB2tgBvlORLbwxtK8mG0sYVp+B4GgBmwwCsSADc2QCzbg7q9WBHv+qDrL4shQDUKMCucQD+yQ6KyRFvug8vvAPQHD1zVumDvTnQOzN8PwC78AbM8QCk2wCF3e3jmQCtPADZowQJAZCZsqDImQC5pKC1qABmmTasVszMSQ2EZvBsbcgcVgClfQA4tACI7wCrNQC9FQDEewCFxgYJSQA8zA4pIQC70MbB6H+IYZmG3BDyr+OPiLPjfb3kRbvCw3rjPgAA7bkP2n6wlKANT2cgc7cAXRQA2moAkzyg3RkAM7IAgokgOaEA3fMA4kwAbYiAG0EA36jw204AvogR4AIW8eOnHiBGYDValSNnnZxKmbN0+eO4oVKcZzN8/fRo4dPX4EGVLkSJIlTZ5E6Y8fvnjsMrpzOQ+ju5k05120SDPnTZfxjMmxYcNYvHPgzom7dslTJ1ZGzz19Ku5cPHRQz6WT9kyqTos1cXq9WTHeTHbx7vFLmVbtWrZtUfbjFzfuRn378N2bCBNj2Zxju1YUGDGnzYgy+9b0KvBvV6+DufbEB9ftZMqVLU/mZxffPrsR5ZH+3UvT68zRh8WSbixa3mp8+FZTlJgzr7vV8zijvZxb927eJOPu+z0x7GmdfkUTr3hzrHKc90DiVjlR3j6Vc3tfx55d+8Z9MuXh8wdXX2bP8uDG7bdx7nn1rdNvhx9f/nz69e3fx59f/37+/f3/BzDA7KATsEAD8XOGAQUXZGACAg+UL5tgJqSQwmwgvG8YADbkEAAC3sMwPn4m6LBEBkKsT8MSPQQRRe3oIWDFDi90MT4VS/ywxu1ekbFDN1rU8bobO8wxyOv6ibHHDQ2gzkjshuSwSCd3y0bJDqWZUkgZpczyMkes5DCJLnmDckMux6QMzA7luayfe95sy8033wT+0i195mxSpDJZ9OhOOifz8x7wMAxGTQ6DKakfcMApqFFwmuQnGzgY4HACN8Dx7R51nAHFjQ8QKBGBD9wIBp08UYpnGE8p3RCBCeAIJp0H/dmzyHuGSQJUDydwJJ206HHmkRd03TUJX9gs8IUtZZygJH563MYfcYhdcQLnQnJGAEOjZAWlbUhUk4FXPKo1PVa07dGNk/BJwtAPrv3vniRLdKZHTEdCUkZw3FBTAHVC8mXbEh0k6R5wBe6ko1rTYdVKgkd6Bd1tu/2PxxWP8GfeDh0hKd8VqbWSgTr9CVjgDhk41SNwTOYwYY5qFRiUkfhlGQBE++On4Sv9YUVGBDr+1rhmANT9qGShKf5oZaFd3mhPlukJ6cseDQi6RKj5O6dqAagTp0csRfJYaDOv7sjoVt1wxJFHDu4xJJARVljsDocByewOOwHnTXdA6fGD/qQuUczw3gbgBXyrNvMVdNSJJxtle0Sao5I7SWefFvvZBxydZ/wI8BUdUYeffjCnp9CW41YSAUeGeWTzDjH+iHCyOUKnR1/106dHYzjie0UCUu4o7A4j58jiFU/0SJ2vR7qnR1884gdxAOgGSZ9HNmSa1nTF8aheZj/qRMZ/QYJDxuf1u2bLjuLpkXqQhOcw2o9G7BHetGgukeOOepYxe5CGIYDMXqY+kByhbR3hx9v+GDCrjUhDRoLLD/5eh0DXAWACIwsP4uT3EafdqyT42EYwXpGEXPUPgQaUEfDehzocjYx/K/LIPSTGITiIpHnH088+euQMj/RuRfEICfw2tMEYIm55SXPEBwwAN45ET0Y1VEu5QGKMA3Ikfb5DQBa1uMUq3ueFJfpI7WQ0rvdpUCSIcx9H+uELtjGRO2hcixQ/so0uak9uUdJPGzf0iH3M6U37+ICMDBBEM4ZkiSs6H0cMJrfs4aNHNEqLHD1CRxl5xG5iI0B+5NEjAgjAk5+cYYmOqMZCguSQJUqkP/AhvW1lT4a+Q0cctzQyetTxkkLLJH6ud8cNEc0jQgQAET3+gjgecuRxPlvdNsRBj/KtyJWh3NAoTyLJjtSykmXb0ge0uU1udnOb+EkgLzckgDLKSJgcmQfirsERSl7sdh0JnzM7so9Tzk2WvqOlLWUEuxBVSZwbulnwSmnJHgFxI/Eskd9AsssSZa8f9eSQQiM5S5BYE4YdaWeHEMBAAUmQlw8jpTmfo0c+bQSFJUpjRxh6N48084clkcb4mkbRj1gUjB2Rl4zWiSFH/nNDAZhdBkXKwR6RcSPHtOdCTdgRB8pIou9TVvaoyRGbduiXgfTdoEhijADex3sryoYfxXqPfdwSAKkU6oo8yJ0vEml2J53gR7JRQf/5o4KFC6o/9CH+DV1JlaYeqSqHPtLUj10Dg/twBlbrGh+kcgh5zEMcl4CJgEewwrKeW5HhOoJZDh3hHHO6hkdZSlAlkWob2RgGKDTmV3xWtI4bwSqzXnENetBjHudwhks3JED6BLaXzoptidYKTIH9bpJggqY8PwJXk7G2ha69JmB5ydv5+FC4JjGdcjdC3G1J0x+NrdliAbk0FhIpn9E9rtyoK58KPpYk+0guAAQqt2LWdFsMAC8AFqsS5hpKfzNtrX3R6xFx3FVNj6hP12REvJG0S0YBBSZEj7fWj8yDcB0SE0JHGxJjGNh3aZzqRnwr35F0gpVbMkB95dPfDcXyJGaVKDDVsS/+GTFAGhxF4Eo79IF76XhD/w0JP66hWxm9QBopM16JGDjikujDGfkNFSvcgeMBycXKVH7OleUS0hXJbx/p2MY1rrENfGDZI/jIhjM68QpnbOMeINLylk2iDzA7IxiWHYY0HhXkOOO4zyjZBzqu4Qw1s8IXzrhG3jCIJi6X6JyMhnSIgPnoSFe6QJO2dKYhhGlNdzpAnPZ0qPkDalGX+j6kNnWq5dMPBBDA1a8OpqplPWta19rWt8Z1rnW9a1732te/BnawhT1sYhfb2MdGdrKVvWxmN9vZz4Z2tKU9bWpX29rXxna2tb1tbnfb298Gd7jFPW5yl9vc50Z3utW9bnYjt9vd74Z3vOU9b3rX2973xne+9b1vfvfb3/8GeMAFPnBrBwQAOw==', 'base64'));
INSERT INTO license_localizedname(locale, text, license_id) VALUES ('en', 'Apache Software License 2.0', 8);
INSERT INTO license_localizedname(locale, text, license_id) VALUES ('pl', 'Apache Software License 2.0', 8);


INSERT INTO license(id, active, name, "position", url) VALUES (9, false, 'BSD 3 – Clause “New” or “Revised” License', 9, 'https://opensource.org/licenses/BSD-3-Clause');
INSERT INTO licenseicon(id, contenttype, license_id, content)
VALUES (9, 'image/png', 9, decode('iVBORw0KGgoAAAANSUhEUgAAAFgAAAAfCAYAAABjyArgAAAABmJLR0QA/wD/AP+gvaeTAAARp0lEQVRoge2afXBU1d3HP3t3775vXskL4cWEkIC8yJsdE0AIEBgYWrBQHRVBqFpHOpZSp2XqTFWsOhbkRWthAmIqUtQoLYIFDAECIRAKCXmFJBATkpCQZBOSTXaz2b13z/OH7D4JCVat7TM+z/OdOXPu3Pu759z7ub97z+/8zgUwyrJcoNFofID4//KvF41G49PpdPmAUaPX6w/bbLZ527Ztk+Lj41FVFUVRUFU1sF1ZWcmhQ4fIy8vD4XDg8/kQQiCEQKPRAAS2JUlClmWGDBnCkiVLmD9/PkajEa1Wi06nQ6vVIssysiyj0+kCtV6vD9SyLKPVavm+6uLFi8ydO1ft7Oz8XCNJkrpr1y5pzJgxKIoSKKqqUltby+HDh8nJyaG9vZ3w8HCmTZvGnDlzGD9+PFFRUYSEhOD1emlubqauro7c3FyysrIoLCxElmWGDx/OihUrmD59egCmH+ydil6vR6/XI0nS/zSrb63Tp08zY8YMH4A4e/asyMnJESdOnBCZmZni0KFD4tVXXxVTpkwRBoNBxMbGiueff16UlJSI9vZ24XK5hNfrFaqqCp/PJ3w+n1AURfT09Iiuri7R1NQkjhw5IubMmSO0Wq2wWq1i5cqVIjMzU+Tk5Ii8vDyRn58viouLxeXLl0VpaamYP3++MBgMIjw8XGzatEm43W6hqqr4LrVly5bAa6zVakVqaqro6OgQ27dvF3PmzLnjeXc6vnPnzq/sDxASgMfjoaenJ1BOnjzJ7t27KSsrIzU1lZ07d7Ju3TruvvtugoODMZlM6HQ6JElCo9Gg0WjQarXo9XosFgsRERGkpKSwe/dutmzZgqIoZGRksGXLFjo6OvB4PHg8HrxeLx6Ph/3793Pp0iX279/Ps88+y/PPP09nZyeqqn7nnjV+/HhycnI4ePAgZWVlpKWl8eijj7J79+5v1M7ly5d5++23/6mdBARu1OPxkJ+fz+HDh7lx4waPPfYYr732Gvfffz9BQUFf+7uo0WgwGAwMHjyYlStXkpGRQWhoKNnZ2WRkZNDR0RHoU1EU2traMJvNxMbGsmrVKsrKytDpdHR2drJ48WIMBgNJSUncuHGDP/7xjyxYsICJEycyevRoduzYgcVi4dVXX6Wzs5PU1FQsFgurV68e8NqCgoKYPn06CxYsIDU1laqqKvbu3cuKFSsAaGpqYuzYscTGxvLAAw/w3HPP4Wc0Y8YMIiMjKSkpYe7cuRQVFfHYY49x7do1xo8fj8Fg4IknnugP2O9NNTU1HDt2jKtXr7JkyRLWrFnD3XffjcFg+FpgBwJttVpJTU1l+/btGI1G9u/fz7lz5+jq6gpAnjp1KtXV1SQnJ7N27VquXbuGoiikp6dTUVFBRUUFNpuNV155BVmW+cc//sHHH3/MjRs3yM/PZ/PmzezYsYMdO3ZgtVppbW3lyJEj5OfnD3hdiqLQ0dHBxYsXGTFiRJ9ju3btQpIkTpw4QXFxcWAQLygoYP369QwfPpw9e/bwxhtvcM8995Cens57773HxIkTaW5uRpIkmpqa+gL232heXh6lpaWkpqby5JNPMmrUKGRZ/lZwe0M2Go2kpqayfv16VFXlk08+wW634/V6URSFYcOG8de//pXly5dTVFTEokWLsNvtnD9/npSUFIYMGcLChQsDwMaNG0dCQgIjRozg/vvv5wc/+AFtbW1cvHiRI0eOEB0dTVNTExUVFf2uJzc3F1mWCQkJQZZlnnrqqT7HKyoqSElJIS4ujpkzZwb2T5w4kVmzZjFr1iza2trQ6XRoNBpkWSY+Pp59+/bx9NNP89BDDxEVFdUfcHl5OaWlpURERPDAAw8waeJE2gsLObt2LQdmziTnmWewFxQETuxpa+Pq3r1kr1xJRXo6brsdAJ/XS1tJCWfWrKFo0yYasrMRqorRaGTZsmXMmjWLuro6zp49S2dnJ4qiUFVVhdPp5Mknn+Rvf/sbQgiKi4sD4aC/9kcV/ocuSVJgLPhyTIGnnnqK9vZ2nE4njz76aD/AEyZM4Pz58/zoRz/innvuITQ0tM9xcSv89G/75X+LtVptn/0Ay5YtIyMjA6PRyMKFCykuLu4LWFEUiouLqaurY+7cuaSkpNBRUEDRpk1Uvv8+TadPU/XBB5Tv3Imzvp7u5mau7N1LwcsvU71vHxdfeYW8X/+azmvXcNvt5K1bx5X336d061bO/OIXnFixArfdTmhoKL/85S+xWCwcO3aM9vZ2FEXh448/5re//S3nzp3js88+w+12ExMTw6RJk8jOzqa+vp6DBw8ybdq0fsBuh3fy5EkaGhqYN28eV65c6WdjtVq59957Wb9+PX/5y1/62SQmJpKdnU1VVRWnTp26Y19arZabN2/icDhIS0vDbrezbds2Ro8eTUNDQ1/AbW1t1NbWEhISQlJSEjHR0bScP09rYSGDJk5k5MMPY46OpvbQIao++oiOykqufvABPkUhesYMdBYLrQUFdF27huvGDVoLCggdO5bYH/8YSZapO3yYs7/6FarbTXJyMlOmTKGxsZG6ujp6enpYsWIFYWFh/PznP2fDhg2sXbuWYcOG8cgjjxAfH48/Rl+3bt1XAn766acJDw8nLi6OuLg4EhIS7mg7adIk5s2bx8svv9xn/09/+lO6u7uZN28eiYmJd4zFJ0+ejNPp5JlnnmHSpEmsX7+ekJAQ4uPjmT17dh9bsW7dOhEfHy9++MMfiry8POGorhbZq1aJQwsWiJqDB0V7RYU4/8IL4l2bTRx//HFxZe9ekTF+vLjw0kuitaRENObmitojR4SzsVE0nj4tdkdFiZK33hKOmhpx48wZkbl0qXhv0CBR8+mnQunpERs3bhQhISHikUceER999JHIysoSOTk54ty5c6KwsFBcunRJVFVVifr6etHS0iI6OjqE2+3+1vHvN1FhYaHYunWrcDqdIjk5Wbz99tvfui38cfD169fp6Ohg9OjRDB06lO7mZlzNzehDQwkaOZLgxESsw4cD4PN4UD0eNIB58GDCxo0jKimJIbNnYwgLQ/h8aCQJS0wMtrvuIvK++5jy4osYwsO5smcPqtvN1KlTMZlMVFZW4nK58Pl8fYq49R28vfh8vq/04O9CERERvP/++wQHB2M0Glm+fPm/1J4O4ObNm3R3dxMREUFwcDDOujrw+eiqqaEpN5e2oiKuffrpl/FtaCiG4GBUt5vGnBwGz5hByOjRaCQJ1ePp14FGkggdN46Y2bOpP3wY1e0mNjYWWZZpaWnB4/HcEebtwP8TiomJ4cKFC99ZezoAp9OJqqoEBQVhMpno9Hjweb3cLCuj7NZsxVFVhc5kwhwZSXBCApFJSTSePMlFYMSDDzJs4cKv7Gjw9Ol88dFHuO12wuLiAvGioij9AIpeo/jt5fsmHcC5c+dQVfW/s1i3gmtPRwftlZVoNBoUpxMhBO1XruDzekl8/HGUri7qjx7FUV1NZ00NiatW3bEjy7Bh4PPh7eoiWJbRaDR0d3fz0ksvIctywGv9gb1/Cj7Q9lfpu3oIQggURfmXzodbgC0WS+Az4fV60RqNaI1GIu67j9jFizFFRaG4XNjz82krKaHp7FkSli9HazBgHjqULz75hMvvvIMcFERQfPyAHXo7OwGQLRZcLhdCCHQ6HWazGUmSUFUVn8+H1+sdMGXq8/lQVfV758U6gOjoaLq6unA4HLhcLnS3AIePH0/CsmVYhw/HpyjU/v3vtJeX015RgWy1EnnffZiiozFFRFDx5z9z7dNPGbdmzYAdXT92DNlmwxAWRktbG6qqYrFYGDp0KBqNBrfbHUg29U4Geb1egED9fZMEYDKZ0Ov1XL9+nba2NjRaLZJOh6TXI+n1XxrqdMgWC1qDAd+tm5VkmaD4eOKWLiUoLg5XYyO+WwOduDXiCyFwNTRQn5lJ+IQJ6CwWyisq8Hg8mM1mNBpNP6+8fbDr/U3+vkkCsNlsmEwmLl++TG1t7YCGXqcTZ0MD3s5Oelpbqdy9m6oPP8RZX4+7pQWluxtJr0ej1aK43TiqqvA4HLSVlFD4+uu4rl8nYcUKtEYjp06doru7m5CQEDQaTb8wzS8hBKtXr8blcgUyb0eOHMFms/1n6Aygd955hzfeeONr2+sAzGYzFouF8vJyLl26RPzkyfi8Xlry8yl5801kqxWlqwt7YSGSLGMID6f8nXfwOhwMnjEDd1sbXfX1DJ8/H0mWUbq6qN63D7fdTldtLXWff86IpUsZOncu7Q4HJ06cwOv1EhQUFPDg3uHY7eFZWVkZa9aswWKxkJaWxhNPPMHWrVv/bRC/S0nwZdIkNDSUrq4uTp48ydUvvkCj1dJaWMilbdsofP11ijdtorWwkMEzZzLiwQeJuPdevE4nlbt3U5+ZScjo0cQ//DA6qxWfotBy4QIlmzdTe+gQCcuXM+E3v0EOCuLAwYOUl5cTHByMXq8PDF53mmQAOBwOsrOzOXDgAEePHmXkyJHAl29eVlYWLpeLP/3pT8TFxVFaWkpPTw/p6ekD2qxZs4bPP/+curo6Ro4cyaVLlwKTiQMHDrBhw4Y+9gBRUVGBt/v29OY/kw5AVVUGDRqE3W4nNzeXcXFxzElKYnRkJBqtFqEoIAS22FiGzptH6JgxWGJiCBk1is6aGrQGA4PuvZfBM2fibm3lnueeCyyCyhYLY1avxhgRwdWrV9m5cyfuW5MNSZLweDx9smZ3mmAYDAZMJhNTpkzh3XffBeBnP/sZnZ2dDBo0iLKyMqKjo7l48SLTpk1j48aNREZGsnz58j42er2eqVOnsmTJEurq6sjKymL69Ons2bOHadOm4Xa7+9hPmDCBhQsX4nK5mD17Nrm5uRT0yip+LcCKomAwGIiKiqKiooLPTpwg4dlnmfvQQ5gMBvD5kPR6ZJsN6daqRnBiIkEJCeBPJep0AJgiIkjauLFPJ0II7HY7b731FgUFBYSHh2Oz2QJQ/eHY7XD9dXJyMk6nE4D8/Hx27doFfJmwWbBgAQ0NDYEF1Z/85CcYjUZ27txJc3NzP5tRo0ZRWlrK0aNHAcjKyuK1115jzJgxgXBx0aJFfexHjRrF6dOnaWxs/MoM20CS/B6sqiphYWHExMRQWlrKn/fs4XxpKT6TCVNkJIaQkABcvzQaTSDiuJP8cN99913S09MxGAwMGTLky8lLr1j3dsC9PbikpITk5GQOHTpEaWkp7e3tgfa3b99OSEgIFouFxYsXs3TpUpxOJ5999hkTJkzoZ5ORkRF4WADZ2dkkJiayaNEijh8/jqqq/eyBwHLZN13pDuSDFUUJ/M8QFRXFmTNnePPNN8nMzKS1tfUbNeqXz+ejqqqKtLQ0NmzYgBCCuLg4bDZbwHNvh+wH3duDHQ4HeXl5/O53v2PZsmWBNGRRURGzZ88mJiaGzMxM/vCHPxAZGcnq1aspLy9n8ODB/Wxu/4Y6HA4uXLjA6tWryczMHNC+srKSlJQUYmNj+6xyfCPA/qDebDYzfPhwwsLCOHXqFK+//jp79+6lrKwMl8v1tcG2trZy/PhxNm/ezO9//3u8Xi+xsbEMGjQoALY33Ns917+vtwoKCjh69CgvvPACAGlpabS1tVFdXU11dTX79u3jxRdfpL29naqqKo4fP97P5osvvuh3vVlZWQwdOpSjR48OaJ+eno7JZCIrK4uioqJ/Ol3vLQ0gkpKSAn/U+Ovu7m5qa2tpaGjAarUya9YsFixYQEJCQuCHE5PJFMgjuN1unE4ndrud69evU1BQwIcffkhZWRk2m4277rqLiIiIPivYt2/3Lv6H7n8I31dpJEkSY8eOxWq1BuD6i6IoNDc309jYSHt7O0ajkTFjxjB58mRGjBhBeHg4VqsVRVG4efMmTU1NlJWVkZ+fT01NDWazmdDQUIYMGYLFYukD1Q/ydri93ya/l38fZ3B+aSRJajabzRHx8fGYzebAP2J+yJIk0dPTQ1NTEy0tLbhcLnp6egJJGX841vvnE4PBgM1mIyoqirCwMFRVHdBLByp+qP8rvFejadYAIZIkXQfM/4kVg/9DcgFR/wUfnasT7LDJsgAAAABJRU5ErkJggg==', 'base64'));
INSERT INTO license_localizedname(locale, text, license_id) VALUES ('en', 'BSD 3 – Clause “New” or “Revised” License', 9);
INSERT INTO license_localizedname(locale, text, license_id) VALUES ('pl', 'BSD 3-Clause “New” or “Revised” License', 9);


INSERT INTO license(id, active, name, "position", url) VALUES (10, false, 'GNU General Public License 3.0', 10, 'https://www.gnu.org/licenses/gpl-3.0.en.html');
INSERT INTO licenseicon(id, contenttype, license_id, content)
VALUES (10, 'image/png', 10, decode('iVBORw0KGgoAAAANSUhEUgAAAMgAAABjCAYAAADeg0+zAAAABGdBTUEAALGPC/xhBQAAACBjSFJNAAB6JgAAgIQAAPoAAACA6AAAdTAAAOpgAAA6mAAAF3CculE8AAAABmJLR0QA/wD/AP+gvaeTAAAAB3RJTUUH4QgKAjACfM1KkwAAKExJREFUeNrtnXl8VNXZx7/nzoQsqGwi7guKWqxFBRUQ0MwEcG1dXlx5tWq1VWurttbW1hpb69LNqtW21lqtSy36qhWLApmEJaKiUlEErWtVXBAIICSEZO55/3jOJSc3987cmcwkQfN8PnxIMjN37j3n/J59UfRSL33OqA7KNIx04VBgTwW7I/92MG/RwIfAfxTMbYFHJ8P7QddSvcvZS1s6aVBz4FAXjgcmACOBPjlcogW4X8P3q2BVL0B66XNBKZig4RQlwNgx4C3rgGUK3tXwLtBgvTZYwQgN44AyA4b3FUyqhNeKDpAU/Bo4oXcbC0cKPtTBB+GLtAYK2EpDvwApkdaiOi2KwZMa5qyEd06GTWHXq4FBwPcUXA7EgbccGFUJa4oNkNeAfXqPdcFoPfAw8PUv6POngViwhsXbLjyk4dZJApCcqRa+quER8x3XJuGqogFkHgxugU96VbiCcs57gFYN536BHvt1A4ABwLY2QDSs13BfHK6qhJWF+LIa+IuCc4CV82FINbjxYjxVK4ztBUdhyYX7gNO+AIv6DPAWMBAYbf63loEU8Pcq+GsRjP17DUC2HQf7AkvjRdrMw3rRUVBa1x/mroUTP6fPt0bDAwpWaDhSwdSA9zym4cdVsLRYN+HAG9avOxYNIEokSC8VjmpGQUsKmj9nz7UA4drlwAXAMNXxLNVruCIp7y02xS2wtLT7Q6FoBpQCo3rPdEFF/wxzWNbpz8XjMF3D7wwjvUbDdgHvW63hsqTYXl11Y3urNi3o/aIApAxGaQFJLxWIYqJ3o+GjLduM4jENNygYpeABYPsQDeQfLny3Shw9XekIOdr8uKJe4iYUQ8XqVa8KSx9Wms1S8JHeMoExzYXrYrA34mzYO+xZFVyQgMe7+iarwQGmmHV+qFruu/AAyWKgLwLmK/gvsKEA36WAISbX5gSgf4jo/JUDbxZBJPdRsIMLIxQcic9Pr+ElB/4Q8LnhwHcjfscz1s9blARRUANckoYBCu7Q4pUKo7kaTkl2sdTwaAKcoGEns87TOhglBTowqjZYgtQpuDgBrxbrAWfCxXG4CTjPj6MYXOdFRotmRcNQBY8B+1uG3uMJuMP/3hR8P4dLbwZIK3wU3zKw8baG77XAvLgwp7PJ7Pa/yYEfVEJrd9xsHcRduNZjavVQb+1h4SgFw4DBvj8vXAVHFhMcAJNhQzNcDDT6Xnqt2OAAqIK3gSt8Eu6ZkLePyeHSi7wfBsHHRmXpqbRBw48d2E9BeQksNXEFleH9pyXhsu4CB0Bagq/7Gql3ZbW1xgVlSAoOC5AqtwflwtTAGAU75/lVq5JQ6/9jOaRdH+hVyCGtg71cODCfL3fgnUp4IeD5XctG0KXwXMglRufwdZv9/sbVu5Jgr093e6b+DvwgBiUaHkVUzox7qOGoKni+O2/cSP5fempeEp60Xy84QHRHD8zTIe/9k62O5LgbfyMAIK2wv2MyM7Nx8TRcrOA7edo+PyIAIMAhtuQa3z571JOyuxE94XB1gCfnrR4GkHc1nF8PqXFwqQvXAH2zfGa5hklRg36GmVUC+wG7mHP7tgt3TYRXOqla3QdsA2xw4Fv+9xTaBvFLkE+PkA1tRzPkhvbrBBADD30MxuiO3P7ZkGuMKfT320aoDn/PGBX9e4IO0BI6ce8F9k7d2go/VtBvAqQ0HBHhc8tbYfxkeCfTm2phBHCmhpNcYSpBkvysabB9pmzdLOf1RmstL7HT3AsOEJM27M/efVaJ+G1HfYTTOkU4oP6Ds2YeLPO/bwGUN8EBeX59a0uA9DAOitHZ7jGXw60DPG8KlnS3q1fBO2k4cyLU10hqyN90R9szUCIqmBwGjpnQNw5nAt/S8JUI1xuwDWwFrM7DXr5Yw2Xm14eTcGfQ++IFXLQOCYphh8QJ4PQ50PqVwkWz6vYanqsOMGobJVBVkuf3vzw5wEU9R5jDwAiSa3QOAHk/4G9LutnY+FszXFwOjSm4AfgB0RJTNzpwTGWAs2YmbBeXw3o+krkblZYdmR84jkM8ngAvGi8bRQUIAQZ6Ojqnz4UWniy1AR0WGdgrCkApgnrltj/4a+cGqEe5Si4HPvD/rQReaekebKxTcF4Sps2GXV0xZnMJCl9Y6WMa82DwJrhcwYUR7Jagc/SnPDSdY5E4R0zBOwqOrZRam7A9KBj5F6vVDfBQaOE2h3bigAZy5pIAzqyKYH+4Idf0gT5Qcm3IvVa6A0AmwKd0fTBtiYaDEzAtBcc58O8cwfHnpJWevgDKa+DKFnjLVPL1zeMcvLMJ/pij5DhNSVFUGbACOKpSXOcUFSAmQfFg359fiaKK5HFAo0olVxXGzRpJgvhAF6Za5vq9y0O+65UuBMffW2F0FfwnBT8E/pnj/r3bCJdYdtrpG+F1Bb8Ats73GKThnKNzyG5OiYfqXuGlfODA4QkpyKLoAOkDB+Fzr+pwVaQz6pWORdftlwUFCGfCHoQkyUWgFclwr9xw69mfLYRqp2BtCDPoCjukRcMlSTi9DzSnJCPgenIshFNw0XHQWAv71Iqn634trtrO0K8mwpyozLsGbkZSfmJIXtsRQR6rYtogQeK24Pq/ho817Fbrc/spUG5HCfZMiCrWGQfBsyEM4hDa8rDcsABhLi5eszlrQ15agOHKRaKPXZgyEerrYeuN8JCCyXlc57GNkEpBtRbpU4gs7xmr4MdR3jgTdolLHb8Xn/p3Go7NpW69IABR0jolkipCJ7J9Feygg12sdMX3E160Y18zMEBYB7u7bY3LIvGDj6RtTZDYn1/EfJM3HTgqCW/Ogh2bYboSDSFXagUeL5VUmeGFsoVcOD3ISROgUiWAB2lzP3/SCidNzrGpQ6GMdL9U+DQhuUlBqsiXukJxzmBMj+7ENZ8LAe6h2dSrdO7fuz7sIBjD8o1Cr5mC+hY4tBLerIURMVhIfuAAsQ/+XEBwvObAxInhUnWzE6hGXM+zaB+bGRKHl1LwjS4FyCxJUBziV29CAoSHFthzFkZr6gN0zOlQgURo86HWeEiA0Gf0Lwg5fLlKrqYsh3legdfs0TKYdCSsng0HainS2qkT1+tLcJuefOiNNCSzeZwAHoISB+YqOFGLYX4Nkhu2EWHQd9RKvKVrVCwnYOPD3KsOjO6KKHBYgLBCSoHzfeZXgvzlcyIGCPPwnGXTouZRuBZAN8+Hy6rBrYWRGmaTW8CumLQkDZOj2g0m7eS5EBX3EQT8v6mDx6MArtPcXHVdgDCXeyqGgyBSgDAstYXcU1syAqQF5heGl3B5Ei6pBrdOyqV7EjjmOjA+32ZwPrX0XdO7dxOwVRpO6SobxA+QogQIc6RiADTKNTMFCEtyBHlGQ9TkM33QyXW6LCktYqmDUW7PAse0ZphcyFqeifAeRsIr2ZPiAuQpUS38RndRAoS5cN4MxnTeBnosWlQ+NMs4D9YexVHVGTvk8iT8znh89nSlc0r/HgAMV8FPE3Dq0cVpc+SpVZEYQadskD4SU1ARVZFsh2Rdnp6Z/WgfpFwW5OmogaEBzoSolCltf3g21S5PyVUWQcqkNJyex7V/5EkOk4U9g2jZuEV3riiYmoB/FfE7PFf7mqIDJKhBg8oziqzg74mAgpVM9AKUrO0IhrA0j8EaHsrTpnklQ9p+zOJ8YQHC0Xl0miyPcF8ztNxXLpf/SVKycKmDMldSR/buAeBYmIapk4rgvt6ss8leHWTW7vmiAyTIdenkaSBnqN8Opc/EZVsexUBPyOE9ucDOAPt6gbXveQQIPaqIYHh+nJJA3MiI17w2KTlQXl7UPQE2ZFfTBuAnq+DWKAHAztC24kXta85bcQEyTbJSD8lHFQk5bMvmh+iF5bB+lGkFmcGDBIR70ApJ1eCMl7Lbc7MBsxO5Z/EXoCTouX3r9i8dDSD3JuCn3i8puFQVmGHkwWDmKDjb6/tVdOMGzjei9sP+wSXThQPItuJP9qsBz3YiQPhcWN1ks0iKlyNIpYanAzI0q8FJysCVvGkTVGjY1YFxGv4XXz19hizj0fk28m6SarmGLG+bgXXwQ2h+M5zn7U0NHKwk8bC7qEXB1fPgxuoQZ0Sd2GD7anEg7KagRMFnaaibGOBKz0Z1sK1rGIKCO7MxnkKoWEEBwoLHH4DPVoe0DFK+xEMV4mYdD+M2wdwCcDzCAp3FqH1vkpkYDVncWM+Pl9qGsEYObzlwoucRmg39lOQo9ekmcLwLnJKQNBYb5aVlUtM+ScMY16qdUW3MBkek34XJgIZ8WaTHlcbx0aokBYaiAiTIQE+H10qM7sSCBlYQ1sAQLanrUeyYYgcoi1H7TlwO/RtZ1D03JV6foLLRBkcq5lZaQP4j4tHrDqp14BTvfmZC3xgcr2SswyQtEjMKjSEHgNTBvi582/z658oc4kedaZyQS4CwMwCJfOhVtGq/gpMuYIDQd92o7X2CvHNpBVPsuocUHAWc2k3g+J0Dk+fC6ho4slamQ32ipO3OiUQHBwqeyGENVVriPSXAmhK4OkcmlTulYE86Fh0FBghrYF+nE9FZFV0qFSVA2Jl7jHWu9gQVMTaxClKDRBUbYB2M65KmK7ynwgC3dAMwNmlJDnxKw+Xj5efdO7EusypzcNfXwresWpZrTMlyZMpXgowNQGqhykzbXdYNL5v1S4WlRQgQRj3IRZFcUSWISdD7py11Y/Az+z2lUvu9VxeD4zPgagWTFLyn4Tqk0Xi+9HoJTFXhpmA7mi1ZHr82vz69Cm7NQ83NT73SEQ9JJ/X///gHuxudMu52HNLTXfZHoQOENu2aA5i2Nt+1thXOmGz1up0HO7SIW7qrqZUCecsUvKNhclQJMB0qzAySCmCtA1PzibPkJUECOihmChAW3P7Q4vatiALQYqtXhNS+18HuKr8AoX3ve0RUI05UcJL5zIX+xmytYqBWdANACpL4qOGlOByWlLEZWakanAq4RxkHiYaL8o215AyQOklo8wf9urTFaI4BwmJLkGI0p/AORlZv03SJz3hN0B5ICNfcTDOhr84xhaeH0WOb4PAJOcxGmQA/B/7HrOEtVXB/vl+eM0DMxvs/V5QWo2544VWHAGFV4SsIox7iZ4sIzF3rsqjBFeLf39WoEd8L0KHPpmuyqAtNaeBHCYnhrMvBKD9Hy5oAPLm6rb1o1wCEAPVKFSf+sS4sQBhQVx4I0L7S6aTYM2eKWRwWD2vcDJvLnb1hPNUhFXJnb4HgeNuFI5IyzzCywysFU6xui0tdOK2z+V05AySXCkI61+IzU4vRPaNw8S6oYGwIqn1fAOWqQJJLwZczbN5N4qBiiQO/Dzgwu5F/04Xuoj87MGKiNeUpCtWISvWAYYhvOzA5W4OHggPkBRmO4k9QzNTMIO8KQjdDX6uAPy/oDvsjLLWlSSRXSYG+JrDL+Ww40JvKquE7IROaJmxBwHgLmJyE8zP1yg0Dh2oDx3uONHj4oBA3lZP6sQYOUB29IYHNDGpgF0cQvDZP5M6NqF65Ojx1uagerAySa5gKaHsUgWL4VCodMmRISfM0BTxZBXUh1xuxBQBjEzLH8NpK6TySE6Wkgd5vDLNfDiQKmR2cE0BUsP0ROCXI1P/uWeADqWolXcKmwAChifYXexJToJSrgr8g/3IiUwC2wSd9OkgQk1t0gpG0v8xwyV16MjI0/NOFy/MpkqqWkoPf0jYt+K00HDUpwJvalTZIUAT9kLoI5aGdpWpwaiUSOyKikVzs+IebIcqfF5kUbP/QnGHGXW6rnz8we/d8ph61ujCtPosBjJeAZBUcnw84ZkDpBFGpPHAs1HBYMaoRcwVIUPXZMBfqa+GkBRHKRHOlOtg2BV8fJ7MOfxiVizvFN9CXFsIIDCC/0e/0sWy5OknqO8UctF9mkfif9TBsvAGcXg8jg4awRqGZsF0p1Oq2NfhnI1RWFWkkRDyHG9uD8OGTIzU83CSqzSoKc3AcYIhrQKfCudEvUvCTgL9vX+TNHpoqsDg3tG2Is2G2ea6vInbgu6ulY2AmTr1M9QxgvAf83IG7OzPuuRYO1dKMemdzJm5bBd8tZqluZIDEorfOHGT+dQl1Np2jE1RBF9VV2NJQtzU8uz/CwXgCU4PejarUb/rDP6JW8GUwxi/QkrbeB2jVcEVSbJCiUjyHg3gYPZe0qOYF6wXb0x5u9DSIDYatXZO6rWQueUaqgpdTMirtqC683Y3IuIQ/JUNGgOeoYpdp+L1uq/9fqeG0KqjpIuaUt/2xwYFhGvb0/wuxFYohPeZomOTCgITEaEbgGwSfhdYqOMmBckck0RolA17+1sMw0n8gHGLSfEqB9xIhWQZ+aoWLiNCDthA2GXBpC+yUhDMTBQCHmYU4zwOHGX0xqqvAERkgs6XhwZd9h/P5SngzBpscGGD/U3BgF9z7LAUT+8BLCo6qg6+uhtcaJaK6KuI1bkrAI2k40hV/+r0JmOoU3z2cDzOYhImK6xwOyGR4xxEJsrwIt/UqcI0D+ydhvyT8Lp+ps0FUA2c4sBgzGEnD7atzyOjtUhUrJv2E/GBagOg1tyJNgW1aqGVkV1xJ4+GvG8NqBfB/Gj5WUs9xrM/+XqxhhgJHw2SVuZ77GqCsBV5V0hSOQTKF9c4aeEMZO0jDS440WHOQoSpeJsCDDty/AMo3wpFIa1TP2H9ZSVO1/yj4GjBEQb0LS5WUrG6jYI55/XSk11ItkhOWNjO+v2oY0KcaHlWwlYLXNFQi/1qAx4DFCvbQAuxMnVcmeZIgatMzjyrhpTr4somZnEn+7t9G4BkNs2LSHf21Qh/Ip2BgH7jdsrUagW9VyXzB7mBMkdD8MwVX+fTi46rgiZQ0K7Ar9rYBpiQtD0sNPKygfx+YMg7WPAQlJ8MmMxTyenO9q+vh2uEQXwqtw0ENEs9NZdA9pWHvgfDuWrgCCZodpOB9LSAcjni/Lk3AzS9CfJTM3FO18A/gmH7Q3zMcn4KBcRhbZWqd66B/Gn5QBVfWwmwN40pg6AT4KCWqxPYODE3LvPVZGk6sgsc0KKu1zm1mvPF9SWkT5HliTtdwk4JJCVg8A0qPhuYa+IqCFzMwrVYjGYcgnHRBnpx5kILTgMMRJrV78PLyAfCWlrjMopjEfJZ0xgsV4d6qlEzD3dn86RUNU6uCWz71HICkpLY5YePDge3sbhnWez9xYEQTNJTBPSZYdUgf+HKruG1nAwPScGA5rNwkIvnhJEyphTNNNuYbSfhKSjbygZDbum8VnGvKTZktPavORlIwSoAHknCGuebtwOsJGJWCpIKZwBNJ+FotXKNFvVqehOE1cJaCWxQ8lIBvpGSmxPIkXGye70Xgofnwy/HwvIaXquDcGrhMCSN5JgETa+B7Cn6t4KIE3J6Cb2s4VsEIJWWjc03bz6OBC5Lwx5QE/Q6PYFfsOhneL5ADQNVD/2YY4MLGcmgan70XV0FpNvRzhFF+y5zJtIIbt4Hqznq/iq5imfJWf4LiG5WwslaKoWzjvR+wwbTEPM0K5lw/HhrqoK8y6piCFWugpULUtJvN51+05x0qKfgPo6mD4MiUFPA/1gxzj4ZrUhJI+76C2+fDgE0CuDLgwCehTx/ZAEcbI9eoPNsgI7tAEvy20W0NE1a2wi+nQ8VxIu7fboRbxgl4D1IC5P4KUi4c5Rpu58D+WljxMyYSfqPJY1uSgFSdqFw/BX6qDaNRIuWy0tYBjKkTHFIjgGjojgOYguMU3GZNvn0XOCtR+AlaxQGI8Qxt5VtUL3p9gRYviU0exz/WxtkMKLWr7BwYWiEjvj6rgqdND9vh1sINdYXj+qnFgbGmJv0PwAXABWViuE5EDmhjJSyoFTCWmedYbFSZ4d4zmNynUeb1Z8zfvXvc1vx+2yT4oFZUuRtc+GlMONy1xr18YhKmz4PBm2BkXIC11qS6rG+AlwfCcbQlec4xttshtMWLhqbgEJ0htd2m5s+BO7sOdk5Liv7XDFNwgdscuDLXbN7u9mJ1iH94qegh9RYeeEZbgFpbLnrtH4FpQELB2yZTtUmBTkukfpoBWF8H3lEdRzsDtH4K/9Zi47xr/takxbbwjNkmBVq3pVq0OPATYyOcCegSeHaNOAHKzbMsNN66fW2AJGBxnahB4xEELisT22J3oC4J01NwQQusUHBrWmpEtkaKmbyalrEWw/Hu6TzzvFcpeE/JfUSN/pdtwcAoS8EPjcPja5ZTZGxS0vbX96T7jQKQwBnoM8VzE1SrsKBGDMmhFkCSldDaKiO+DpkPF7ngGI/Q4FoYWQV1CsYZl+HdRvUJmohbPhCmVMEnSQHVzv2gn/FeTQXOAAbVwqFVUKNFZfpSAv6VEkfDQcCbE+BTX4T67QHQqCFpA8S8dpWX5l8H/XXbnO71xiZ4AphcCgdVwaqNAjLHYxb29yhIVoPjiORLNkrnk9c1fCeHfdt5SwRHCo5zRbW9XjRFmoBrVsHBiQInfnaZkZ4SY9DekFYN/+uIa/K6jsKFqcaLZOdHtWjpT1RnDkyVbt9pY7mG6zUsdkRFmYp028ugZXCrEgA0aNhDib1zvPdMGj5ScJ0SabOjhnOtBmLPINV4F3heMg13KZFCB2PUJwWnutKd5EYk0e7HCo7RcJb1vNe5MDMG27lwDLDQgVINNyv4rakZuYf2iZzTNfzNgY+0APYSckhbUfDNhLjRtxSpMVrDr7RlX2r4P8RT+HZPvneVBRy70UWt6Xspp037R6L7WohGploY6cI1ShiHR4uAS5M9xAjvlIrVw/OvvrCk4eSaIneL7AzViGfvUQ3PW+BYruDc+XDwlgKOrF6soA7uvdQzhEhMIsuTehgwJjpwmRZV1js6H2u4IQZ/yqektkerWDXwb9WJ9v29VPTNG1eIpMDOkBnxcApwqc9p86mGG5vgDyZ+tKWucTDNgG1KJcod6z2KPZaa4rDP4QWKqudoeB+g4RtavIb9rZfeVHBTC9wT1O1/S6NQFcuUefaCo2dTeQu8loLKpG9iUzFoFgyLSQ/gKW7HflvzNfy2Hh6vjjbjfcsGSK+BvsWoABXAsym4pxwuHCuxhUI5A1QdfEWL+/wkOrYgWgXcq+DOqPUpnxsVy2SxVvUewS2KWhQ86cANR+Qx7dfk3R2kYZySpMnD6Fg+3QTM1PCPTfCoN/vwc8yAQg30vyiJdvZSz6btkAI1uzWQ1pL68pYJlL5IQAqHqaPZUcFeWrIW9iG4VuQzZA7iI60w4/NgW3QaIL205dA0iA2E05SkixdCNV6PFEbVa5gXh2e3RBdtL0B6qQPNhF3iUiF5IJITNpzwoGIj8L6C911Y6sCrpgJzUTELo3oB0ks9iupgq7ivmfZnkM5l7kYv9VIv9VIv9VIv9VIv9VKxbJA66B/PYpsoaB3X8xoj9whKwW5KOpe4JXBXroPro9ALUNLkK4MOoo9gg9fUYkugWbBjzCocU9KnrFsDkO0i6TNgG1c6jWRLMXkAycHppfbMZXsXFmkzNLNFvEgFnxG4TjqkZO1LO0CKweZsKesXhyO11P5j1u9P3X1P7epByqQ0NEr+1TO9cOhIaWkAUfSJsm60WEfgaLyeTG77lkfL/fPeux0gERc+dKrtF51cqZbbrNLo8J5enaUonfYX97QGCBHOlQ2Qntf2x5eg+KYKKetU0jO1l3w0CT6shRM0nKrhkSoz06PAevowe+SDknai0wLA2rAlrZ2ZP2PPZ5zfowBiekSNtrjfvKTk8ORqpO6kYGQaXjJzCm0bp7QURirYPg2r0/BytmbHdbCzhv1cKI/Bu3Ph5eo80qnnweBW2FtL7lJcywF6Lyl9fNv1a9Og5sh3DjPvXZOGxZOlrWlGSsAMedTiUMxqfGDokUSO+2RasB6MdGJ/NMRY/rKGCg3/bYCXM80imQaxbeEAV5q/bXDh1UnSk5lMnxkMB2rYScvMj/18qk0gQEyd0gFIv+R1JbAwl06QpvfvGFeqMl+wZ8ubM3KIAcbCCfDpZm+Vmd5jT209Lwl3hn2R6fHq1SA0r4L9B8L1Sjp0lDhwYKUMUGEGbFMGV2s4h/bFNY0KbqiEa/2HNAVjFdyoRaq1a3ANnJMUdSbKQfgfZJbd6BD76tGk1UGlFk423Vr8A0ibHdi+EtaEALnMlXvzmM7vktLYmxo4XskkVoCXE3BirTT0vtgcjLSG2j5w3gT4KNMz1cKd1qyM5mbolymjtgYuUnCZ+fXeVrgnBtNM8/DnkhZTrIGDTQeXw33q96sOfKPSN9V3GvQZKPt9iW+QUauGuzbBd/z3NhP6xuAKBd8kvIv+qgQMts9EHezlyjCgr9E+obIFmTR1xcnt1VtVC//GJNw6kHSlk863rc83Kji5D8zbJF1XzqEt42CNA0fFLZE8TrU/XAuy6IsjaGtVs2wQ/AopuwRYNde04KyBoabBc9DE2woNP0tJS50HLXBcgrTMCXI3j1Dw2AuwZ6a+rfNhQK20JU1meY7nrcP3Hd3WBrWDFhAGDrNehwJ7W9ddav2csNbqRdNAe4rvPo5phZ8D38gCers16/PZ0s0dGK/NdytQcfFq7WpenmOB45sKbgthIvu58NgC2MOrNzFtXacTbLfGFZxfJtz5amtf90TmtwzLwtuetsFRA8e6cj76Bry3BLhkkDT9O8cC1N60DXzd4Eqbp+MDzt8vmsVW8z9HfxeuiluLPbb9PvD1lE+VMY2aH/QAYrH8gbRNHG0F6qrBnQ39TKNoDxxvAdOVzDY/C1Nr4Eib0gfNYpyBPIzBLU8gYBuBtPBEwy7rpP45ULWoh62bxcizW3k+h9gE29uH0IV6a8Ovt97/vIanFJQo2MGV3lYZPTAWmlta2nNbe22PQYqc0m1a0+Zr7JdFT9/OBqGGrVNwQwCI7vD6TWlrKrAL51mcfpMyfcpS0h3/D0ZSa3OIFxnpdoJ5/5BGkTrzp0Fsk/S18g7VCuT3tcDJHjPQsq9Xm30dYgC5s7W3/1TSwX1f87nN6r110Ee7MpfQ4/prTE+xmJGkXpfJr8+C671Jt76un32B4zXMVPAfpDOmt+7e+jyBeM0usqTn0LgljmzdVim4PIAbXWZzcuvnIch0posUTPvUoF+JqrKXdwP94MRR0FInashBGo4w3++axdjWlU7sHkiPTZqJUXUwyjUAMS7VUDukWVqceuDQCr6XMKCrFbVt81tjRoI0i21UYV3m9iq4OwcPzATr1xe8mgnTgdJeqwrgBgd+kYZSJXZahbnGZ1kMRr+6OYKOY7HTMQOa6XLdYdY97qBgThounAjLqsExjbX/7F1XwZSEHHZqYLhqAwiOWfNBcsC8sRSLHTjCk641MFDB+W3btPm777TA0Qyc4O1tDRypLIAoY3+YAq6/WuBo0DC6Sg45KXgduMX7WFzaw75hrjHa1wj8N1XwffO5Q2nfkP3GpJmKlhImMMYcwDVxSxxFmapUa6H8AN9rpyes8Wc1YkTZ6kK/tXB/Cvq6sqk7WQvylLnmxbQV/qwHzk6J2NzB12H+g4aQCKsB0mnWn+5JtEmkdpzFTMnaaDa/wbegf6iBHVfDr7NFo/0ODttFWSIbZXsL70vCj8y9bnStLFvD3TJRFDf8C95h7Ssd5m2V6fUyONpTk6rBrZEaEq9qsFHDKSnpUrK97xCtKINF0+R6V/ik5x0p4eT72BJO+IPYk1jNzDX8tqr9qDybuazvJ7YDWmzDfa3PXVtlrZELrzjt72Nr673tPLLNbe1ioX0h4JurpMu+R9tY+/FmPGjhFXxXBxiLlcauMFzHVl9mJH2zAZVw+z7Wn8aHbOh984x6ZaYs2Q8xJeD964Gzwg6tbpsxAdBcAlfaHhCshtiu5SlJwItmDopns5Qp+MUgOGUmHJtpHsdauWZf69nnWfcz3nd/P6dNFx3mWADR2b1RtpRfKme8g5R/J4gZmPu6wl+zrtqveUXImjcpOHssNNXCYdpibiFSDAX1xuBHy8yVzernJp9aaMc/FDzr2ZZa6uBtaX+X71n38v3+vuepwpoUoOAOz1YzUtX+3J3eWTItjGyAvxj3G37A2pVwWya3XqkAKmbdwF1BxnSGjV6lod6BvyZkiAwzRIzuG67i8zrwLwdurpTpR2FGrD3RdZHtFSoVD0iZtaBP+57rBKOenW79+StxMarHZgpwWdInrdo7OOy1XWRzQMfnsnUy+P7N5tmzH59MihMiE9mcecVKM0HLo2rRtffPsOZvAE+2wi1eVNuFAzIk6n0GLFTwwEq4xztDqv2UsCV2Hco82KHFklRu+zUYYe3rMr+TRItqtvmjrcbui8teORYjesz7uVzUK1tqb36tSRhdibUf9fGATZyfbf62hvE2RzCGuJ/sYv9FaTg1Bo19oDHIb10uE44cW4q5sqFrK6AxSrcOY5zvaC+qHYPxqwZxn6vYJGCekRKJdjdtaSNjZsGOGXz79kFc7G1kgOpVG/Y5DR9VyrizQDJd4Pv49fQsLu7x1vuf9O9rFfRtbj9K4YcaHorBuvXQGNLwzd7X1QrGpqGpDD5LwVp/jMqAcHfrPj6xX28Vt6utgtpZGttZh7Xd0KDZsL9tHwEpb398Ae/lnuEeoMl8nBDGG/TaeuAlx3gXhlkLmzWCqdpv7ItBKQ26PQj2icOODnzigUODmt3mbqRUPCBp6/OHu7CxClZ54KiD/rMzDLrc2F6lQ8GY2dCvBgaVwn2+YNQnnnSZDhWzYVcjfklK9/WHfc/TGmLzxHV76bJZvVonvaNs1ave9/Hx1gGYl8VdazMx7Xa8lv++htN+hMMc/3s+FADYteYTYrCpElZ64KiHrefDAOsZ7MDuQBdGNcDH46HBA0fKiohfLc6WmG0b1MDedRCvhfO1j2nF4BXr1099nxvjxWtionl4DLVVGbvO3OO49h7/9m7vsNd8psYzldDqOB0jsxkBskDa+I/KtrFO20gzgL5apsI2p2B1ClbXQpMj6oznB22i/aafGIPlKdhgPtPgQoMjIjKQkrJ5dseNLzkSDV2BGHxzrUVcZvkAv+nAfyvkuzakhDOeZweXw6LoaV9HEZuz++wPHbdUrzrx6OwWoloE6Tv25r1alWXUtW4v1QL31UgUW6od7cL7KWj09qkZ1jVbNoIjk7y09bz3DZJ9bTCf2WDHV0w8Y6ltWyp43YX1Zh6l7blbWdl+pvvjtpKhYEFK7KGFWlJTPC/ld71sghkyemJU0H4YZjY6iGEZSWfPi6kHmdVnL3zT6iyGYqN8QWm2jZ0nQaRHOuKGAeZfqT/w40iA0B+MqzDv72/5tMMkmzYuS38gCWSo5hJrAT62fj434Ps8LXJxOnPKun0QdUt7kNsAec2uDUn7hnXqDBJkGsSULw0ogjfLvq+PkxKDCgLe9+k487Dc2iewak/M6OcbAy7V37y/go61Kr8JMmWN9/Jua/+W+O7tWjpmTNgq4SoFpybaQgOUiB1RZq3zfOt6B9n3Zr82QWyx/n6GEjfeKE8dejqbS1PBSOv9ujSkeXI1uNUwZQJM1eIZ2VtBiRbRvRpJy6j1eclemg0jHHH3TjB9m7whk+8rWKSMCzCDKnK5hhVaAnJDtKRJ3JSAuTVwj2pT8d6xvBoLjW++vwLlwicmPvFEP3gwU8TeNPf21uMNT9IYG+BL1ms1vs8daL227ukMhUGD4UuuqC8NbcwwK23e1xAbEZCRcrNgREzW/HAF25s1X4M4QxbFfCkmSfhRrbQaPQsZX12qoVlLLGwJvjaoSbi7RmzVs5FhR+9peGAe/GW8SBFvT17w3dvaOjgsLVH+4xQMNd/zX+BJDXdPFNXcVtEO0uHrap/dDQ3WeGkzyMh7rbXJTLz6f9D5hRN+hTbvAAAAJXRFWHRkYXRlOmNyZWF0ZQAyMDE3LTA4LTEwVDAyOjQ4OjAyKzAwOjAwxWogXQAAACV0RVh0ZGF0ZTptb2RpZnkAMjAxNy0wOC0xMFQwMjo0ODowMiswMDowMLQ3mOEAAAAASUVORK5CYII=', 'base64'));
INSERT INTO license_localizedname(locale, text, license_id) VALUES ('en', 'GNU General Public License 3.0', 10);
INSERT INTO license_localizedname(locale, text, license_id) VALUES ('pl', 'GNU General Public License 3.0', 10);


INSERT INTO license(id, active, name, "position", url) VALUES (11, false, 'GNU Lesser General Public License 3.0', 11, 'https://www.gnu.org/licenses/lgpl-3.0.en.html');
INSERT INTO licenseicon(id, contenttype, license_id, content)
VALUES (11, 'image/png', 11, decode('iVBORw0KGgoAAAANSUhEUgAAAMgAAABXCAYAAABBaAoIAAAABmJLR0QA/wD/AP+gvaeTAAAgAElEQVR4nO2deZhcRdX/P+d2z0x2yMgWAsgmgYSEZHqSEMISRAHZNMomKAgIyAuyqhBI0jUJAVlVEDAs+vpDETAs+ioiiCCI2aYnAZIhCAl7gqxJJsss3ff8/qhebve93dPd050EnO/zzDPd1XWr6t5bp6rOLvSiF59lKEJTZBiiE1BGguwO7AnsmKwRB30DpBXkTzDgUcwz8dTlsjnG3IteVBWzxm9PvOs4VI4DDgDqS7j6DRznO0xf+A+oJIGY8YPAHVex9npRGUhc0fB/w0IYBj0I9FhgX7Ln9gYghvAv4GXgLRxZSUK6QPuB7gmMA04DhgIJkJMxzXMq9+CaGk5C5f6KtdeLSmEesP/mHsRmwDqQJ4DroLkZg9vtFTdP6Mvazl9gCWUdhPcJV2w46uwPWrHmelERrASe57NHIG3Jv3qgj6fcRXgenCaiC58qudVL527EcAY07gp6MHRdWjkCQSdUrq1eVAi/A3U+I6zmOyCLQLcGPg/s4vntPZA/Ux+6lAvnr+1RLwaXJvdGVA4GObwyBGIm9YG2MRVpqxeVg6N/wJWjNvcwegAFnrQSJvYGPYZsal+GqEFbfl/UEaroXkNLsc3tUqEdZH0DUFuZtnpRIazGHTQX1h32KTz6fgT6/xD5AOVroBfn/P4WaJThe9zLib9PVLx3R7dKktvaChGI+1k7434W8CTmmTimYfWn6Ij1LnAzwkZULkPZI+d3F7iV/l1X8cMX10NLdUbh6udT46kQgcjET+Eq9VnH35P/V27WURSHlxGioA4qTSjD/FWkGdyzMC0vVn84eqxdVHRBhQhEc/UfLTh6TlaJKycDP6hMfwXxPrCuB9fXA1sX+L0N+KAH7XshwBCyJTFerAI25pRtBXyu25YdmW8/6Htb8A7yOkIToktw5RqQwwPqKPAT6ldfyYWvdVR9RFbUOxkAx7m/5wRy9didibs75ZQ+zfSWWFaJabioii/qDyB3MqjmaS6dmzuhSsd1EwfSvvEoVKYDw7N+E72JaEtTj/vwwozZEXG+iTINSwAWIQ5iWmx5dt3Gn4Oe302L63AHvGTb0FVU/pTeU2wEuR4Sd6KhKMovASeg3npEzyLa8sAmG9naru8Dg4FXmNb8r54TSCKI/9B/+cvkgB73FQThCqKx6yra5uXPtwEPYMY8B85bQMjz67yK9gVgFq0EbsJEVgG/TZa+7yMOALQIfk9a0vZEia5V2cPf7PgDodAluPFxqBMD3SFPveWgXye6KY5USVw7cjAdeoX9IgZBe04gqhP8O0Mom0Bmjd+ernguw1UJvMk+u98I2ZsVTZFDUafEWSFvYRb8O7ts0XsQ6SIzw1zUne+71EQawCnF3gdwlmHmv5NdpG/jpp6l+gnRRPoB+3XftrZmrlm6DhNpAwaWNr6K41VELiKUaCXObSBHF6g7D2qPxsz9eJONDqCj7ibQwcAL0PwgQAV4EJ8GfTlm4XtZVeJdB1TpePW0T8w3KzKELv5OyWJx+T6QQyCNw0G9/MEyzOLVARc/Au4uAeUFukscCWQTiEpD5ncJ2KncRnCKeWcv53xfQVGEVRUkQG5mUE2Uts5ziDsPAgPyV9e/QcdkTKwwH2nG7oC4R6AyGnQ7oAt0MQz6BeaZ9pJHaRpOBD0DiIPzPym9Ss8I5JY96/hYG7ILA45XWqXjFTrXVxTX/csiRsf1t+U/zvjrmDE7kq3VLQbBO5F6xq7i70ucCUUJC0VyCWQJm4dAltlJ17WCtfoIcETh6vIU9WuOycuMXz12ZxLuiaicDG4ERbIXZzkdaesLXFvSKM2Y4SCzk99mYham53DPCOTjQWOAuuxCCeA/tFo7iH+VVWdCGSLnjWwvAWdd3/HR35+EJqAl95dnJ5KUuU6c/p0L/cMp0qZKJZd3WVLa8HqMBPATGDgNaZuA1iwi43+RDzH61k0OJA7TsD/IVcTdowCn4PtVqcv/YwCu3m8ocecvwNYgTzF8t1neI3vPCEScgMmRs4NYM5RIj/oJRhvD91jqVxYVw8T60My5sS5/sWS35Tj+VV3L6S+Av7BHw5SC6iWrCPOhGHs3pf6Td3OKlmxCUe8rOO4Z7L3nAlpfn4Yyle6lBO9SEz46KRzJYMbYQ3ATU0G+VEL/jxVd85pxn6Mz8Rj2BNAK8eNzj+w9IxD/5FgDLdmrlbMugpu7y1QCssDHf8yO1LCKxjLaCmCIR28N7O0pWYO7MPfoAsVN2pzuAnai7KOh//eZ43Yjkdi+iNY/8K/C7pJNJMm6Dzgbl61pXfEkcGgR13SBcyJXzf9PumRG40RcvRbXPahEwv4rpnlBUTVnRYbQmXgC6zvyHmH3KKb6d/Ug2XMpyJ0c83xGY+pWif9w/ZNolbsf0LcibREaR/bzWeC7NzOiFsjhwYpAEAOuzgTP7/6dKpEolhDf9ZVEF7+JVXBWC3HQSzCxU0FHgbOI4ogDYHr6zG/G7IhpvBdXnwMOKnEM7YT0kqJqmsgudPEsljhW4jhfYuqiN4Oqlk8gV+83FNg5p3TTMehBk4hQmTZhAUce8Znv+/tz+pVDkGtxY0sDxpAZuxMP0rUUeW/6ka9IUJBq8SHvg3wZ0/JTmhomg/wd2K7IaxfDwBsxI2oxjT8CZxnotyjrPKhTmNYStMNnw0QagH9i/dLfIMTBTF8Y8D4syj9ixWsCmGEngEGnGgSi1IQCJlFZPikf4sgQZjQMySp1nS9m3V/Qqu+6ZfSn/p0o+2j4IVMXv8a03OukWOHDmjzl8ynnOFgQ0kxYvs7UhW9jIhei/ITiF10FPQ9Zdyja5+ege/VgIPcRbfkZpptaJnIKcDd2UVsK4SOZlqOLykEPeBAf/5Ggb2226NI07Enxq0kpeJUrF/hXyvI857bBlWZ/sWZ/0Rq/WLas/gIIbZW7HzipnWieXfE9sPZBxYpp8xCI+xxIrtl4T/An+neezPoXN2IabgaKO96koU+BnInqd+mZBOE56tec6XtmXlhB0c3AecmSjSAX+BS1AegBD+JbrV/0SSFwqsR/BDCxs8ZvD+xepf5eyaPVrQyDnnU0DNDtrOtoBGqK68AJ9qir1eeonMn1XTBwMusTXRB5AKRE4gCQQ4Gz6RFxSDN9OLagEeO1IwdD2++BMzylfUH/jol0qy8pj0DMiFqQHOY0SP/BxLLa7x4BCsJENX1SAqRcY3cAdi2xnWKOhgEMfCk7ldsZWHzlog+AZcW3EwgFopjYOQxpE+jzAHB8mW31VKz2AtQcwRWxfEdKiykvfYKJHYuJ9aWusx5HDwZ+jb2XKzCRSwtdXh6BOLUR/Cba//RX1APLar9bBGnrqyUtA2zggxwkyunvlTxHw1RbcfrHAzTsUsJCI4Vsd/9RfDs+tIOciInNwEzqwyr5I/C1HrTXA8jj0H5gybZaU176hOktz2Fi3wFSFtHTuWXPvGqI8ghEnYD4VzmSF78eoVJYZxWEPoyvQl9JaJBsvZz+/O3Yo+GuyW9L8ygIS4k3VoBANIDQi0IckW9hmudgJoWh7V7QI8tsq4fQh2DAZMzSnvj8QDQ2G3gb2IrVg/I+3zIJRHLP3isxi9/IaXr/stsvjIU+BaGZFAYpQ0FYFNqCCdIp/UgXqCDMOhoG2HqN3hXrVFUsClhpyrMltJNCHPRUos0PWduntrsp/1jVEyhwHbScWJYxYi6s6PvfyZbzmsGUKcXySbACVqZqGSgG6T/aRgH981zQBZTiU1AP7ObpL4/GXksnSO3GVCWQgQ+XGm8sf/AME3sLE1kOPl/vfEggchrR2IMANEUMcHopg6kQ1oGcgWmeU9lmdbD9L3l3o9IJxFqvfj67MJ+DVBX81CVI612QiZ2HiR1cdPsmMh3weAwGSJVWOZ8D/U3Rbdp2XOgfoKzzGERqKMiiuFRJWXeKyz8DFxbRTgL0O0RjvwOgqeGMpMfjpkYLjnNaIWVeWbhhVH/WJy2c1Ynlq1bGDiIBk9HJNVAMQ1s1eAKlJkDrXVCJFjDBC3eRbS4ftKpbf5dzS2s3ADMbh5HQFAP+EdEFrwYou0o9yvUr+KvoY6gUQyDfw7TYRaApcijKbDatc/sGIAoDf8r0TLT1yrVeMwkrSXvb57/kQTkEkruibWCILsoqcdaNxC3kFFM2lifFlTkoZFEru9IUudx/ib6AaXk8uwyhKWsByCOW7SEePCFE6/JvkNBbybwDv4LQKrhGl9a4FN5BdNA/oG09+Y+kgF6PabkbSHmD3kfRepiKYD4hTg12Oa4QVM9P0vtvC1UrhwfJmYzSzLnN2abibrX0HwFa6GvGbEtnwTP1iSgnBpRfAmQTSFNkGNZhP4Vgjb2JTKWgV1xehIEhtK6YBJLLGPrvzVpClxqQb6uCv5pn2jENT4Ecl6fGI9AyxdbFoSt+L5DPb7zSSADXwMAZTMvZNcz4naBrHDAeZARWQloPrAb+CuHLMUWGHTXj9oLE4YBLiLsLVS2NQKz1ao5vR5DoUDedB2GX7E85W78T5LGnE9BuHKTMqO2AmSX31x0kwKPRLce2TIsx7fkzEEQgLfTv+jY/TEnCGq4Avlz6GMrCJ8DJmNgTQHI3bxwL+jXgqxAfnuc1Dwa+hyQWA7ODKvgRvwEkBPyhu12qNAJx+u2H6+Zs4UEMelUMFCHYg7CcqPLtbL1mcRFtBfAvtdWIYp+gT78AXUtZ7sPbdlujpuYPdMVvJ1ubvZJw/Li0Hsa6oZpSOy8TyyD0VcyCfzMjMhKXb9LEyaC7dX9pEiLFWQmYsV8C9zigE0I/6q56aXoKv/WqUhvOnkTWDD5HylURrIeBedxiS4W2BNvv5LblBJmFVMOkZanfjg0C+L1i0P0OctX8/4B6LR9chG8x9QWPL4nzczYN3/FXcA5FEhMwkXm4vAhMIUvU3i0eSWWEKohrRw4G95fJb7f4o9j4UaoiL3dy+E0nEuFqHa+avbnjAMvswtjS2wryIBw/iOwgcesYvutLARdXIc1D0Hgiu9C9H3cQBiTDA3XTpTzk+XYd0djT6W9Njd+keIennuBJYAm4S1H+l/KsE5ZA4syianbU/grrw/QC9WumFnNJqQSSOzn8/EfVIpgE8AzLXtuXspjlIGWjO47sI0cejX05BNkdioqoUgq6j7KikrJ8XsAQouny2ZEaVCsbiC8YLnAIcBml5RD0Yhnh+JF5QjFlo6nxXOCrQAeOnFFsGNPiCWRWZAg+69UgC163OhKsQDfVcj0Ig0S3uREiA4jIWTeSguLRchEUA8spf6cSKXw8MWMaQS8E2ghxSlbAivf0RPyeotWAQ89SZiwADso+FubBjLGHoHorACJTmN68qJsr0iieQOJBK1puBJNIP5AS5fZFIhwwqbUsD8K38zjKZLcVpLEvS6rULT4mGnvFX9yDHUQLMLcGB5zbAAfRKT4pjpbj27GpIb9iUO0kTOzDbqvOHLcbrjsHqAG9l2jzT0rpqXgC8fskfOR7sY4zluowdiuyol5kUM4kCrCHQsg+/+bR2FeDQdf5PgWhNb/uScauAo5jDd/FWgcvZp89fpH1k2kch0+Mv0WhDeQsTPOZRQUpnxUZQiLxBLANMA8GndPdJbkoQczrk6jM9b3Y6vlkBFi5TqiHztL9mIOOalc37gXqTSmQR2NfllSpuwH5x7N6YAO+gHwlIdjNwMaBugYrp/6+j8cSPWILTvPyJGH37HzRR3ywCuS/YYMzLAdncjlWwMURiA0qkLuy+Bn0aOxaSg37GARrYrGa9CQJmETSNT658pcGDVTI5fIf5Wjsy0NQdBYN9VTXMiqwtDNxMTa3yG8xMb+Dm8qXqmJg2jOsAX5ANHZPQb9zL64Zsy2dzpNYqeTrwBcL2VsVQnEEYoMK5IgO3SAFYYXQ1kjWCpoIsofaEV9Y926RoH6tn0HzRaivoMa+MFzqApyxVOsp7d5qyCaKnbl25GCmvPRJuuS6iQPZ2H4+ECfsXuVr4cETQrSu2MJS6elfoOYczPx3uo1YkoIZt1cyWuIewJuE3UOZuuitckdQ5BHLt6J1MaiPP3ZspSBMzOquLu43B4g23wPc0+O+bMSQ3EywAQKBahyveDnQp9rEpkEJpuXWeno9XqlQR3gkkHGQ2th+LtYs477AY0rra9uDs6UkYn0BkSlEY38p6SoTORASj2J3yVcgcSRTFxd3JMuDIpl0n/RmUUUyOeXtLscHu6P2rKr0Y0ZvzdqO+8kWa+bR2JclEOgOlbEUtgrU17LKxMnoa6z+xob8ceTGwDbC4S0hy84boN+GWAPR5hKJo+Ec4GkscTxB3z5j/V6upaNYJj13cozGRKqY3EQH5RTcgImcgPAw6DsgwZE7imvbAdkBZRzWYC9X0bgKaZtMU65NZjUUhOLQFDmhIk0p2QyoVdjeZLtZdyjKUODJvDqAeP8PoC3B5klH9QHCLLT9DszS0t6tNWr8IeiPsUfgRxhUeyqXPl+RBbz7M7X1ByiLwenFZsV7mJj1ZTeRu4GzEDmFaPPv8l5hIs1sWjHvhyC3Qejmok3VvTAjBkCfeyDtznArw3e/pJK507vfQaobb6oX1cMOmLG7w4Z3gMlAJ3XaXWqAX7JpCGQRIrNRvRfTvKGsFqzV78NYMe4aRE4n2vyH0uU2hdE9gZSnre7FlgBJHIb2eRlr6/TXboOsDeEuVul3QKpwnGQ9cD+OM5vpC3sm4GlqOAmXu7HH41ZC8nWmNQdYI/QcRfAgZaY068Xmh8qXyQRx+GO39c+NdWFGHQM1T1CZlG0bQf6CuA/SL/6nPDG/ioeVOF6HcgF2Uv4Vak9hWvWSfRYmECs+LHM1kf8DucVfrheCHltemwURB25H3D/iOG+QYCQQBYqwDdN/INKE6FpceQR0EcguxV27ReMw0HYQcDQo+LYf5sX3mR0Zy3tcinIxpbvbrgCeRfRx+vR9LNjPpQzMaBzD2s7fYJV/CjqL4XtEK8lvBKHw1mBzKZR7qDub/l2/Y0NNto5BMWT7XVQIchZD9F5W6WSEGmq7HqMj3Bectykszu6AxA44NV/AdQ8DdsfEzsFEVlJawLYtFeuBfgyq7V+yaN6MqEXqjkBlHOgokMFkRU2R1aCvIrwGugStW1jx1M0PnhCi9fXLQGdi9TwrQc/yBdyoEgoTSFPD+aj8vKyWHWdfVHdE9YnsH/QnICuBlVgDwQtBmkHvQdiIcirZftC/Bx5F2Bblf4Ag+6tVRGNDaYrMwnqjAcygrvOndNS+jTVRfxHRO1E+AOcw0LOBVYhcSLT5IUzkcGAyDrfjtr8CddOT4uQdsGHznwSdA3Id0B/hMlQmgU4GfmfD6SDgHIFNAgMQBWlH3DdRjgb5NshT4P4GqAU5i9LCipaLjzGxz3VfbQvDjIYIrtxF2nBT74e68zdl/vTCikItI7ymxepMPj+5M/PHWoj/mGjsJmrCT9nv/J7hu+2P8ArqvEo0dgTwXLKd8xnCqaDtOKE/Qu0EICgKXoimETWQuB7Rc7CealPoqP0YSxzPUL9mHKrzcUL/wTSfC9wN+i7qvISZFEbYCliXJI5dwOkP+gQijwAujnMJpuVObHCBuxm85k7QMQgXUb/mTJSPCBHDNH8beAnYwBCuZfhuN6Hxp8GJAzcTbf4y8B6EFjCEA4HqhbbJoDxJ0ebCDaP6YyI34cp8LHGsQeQUTMs3NyVxQLea9LIlWPMxuESbn8Q0n2snpF4CrMS8+D4zGn6Q1K1cSN8+Z7Fs+WhUrwS9ImmQ9jzwDCZ2O+/JacB5JBJnJh9OUIS97aDvHHD2JtpyFyZ2OGkrThScs/hkqy+BMx/XfQYzfidE/wEyFokPw1m7H8qDwBlEl3YBF4FeDGyDum3Aw5nIfvIRuFfz8aDzgCGo7MzHW/0GnCkkJLXz1YEu5NxYF60rroeaVaCTGL77j5jRcDhwGbgXJB2Viks62TPkRuLfctHU+BXW17wEXIpVWj4C7vCC+psqIj+TbsPblGe9KjrXajgjK8jEaXJArSRFJRmVUJ9MMnExso5Vsj2iNh6s3+YqNyjBGpAHQCeBzMVE3sZaq07BRP4X5CjMwhWYyC12DMTpE2+jnW0BRWWuTUyvkAreZtJ2V9sQYjnqXs2MyHimx+Yjej11znramQqsRdzn0JYrMLjMjtQko9rvCfJwUshxZrLfR5IM5V+TfylsiphTA5kdqQlOdb2FwET2Br0Z1a8kS1YiegHRlkc257AKSLF6EN5GZW4yCNuuWeUic5P5wJOEJ9aQLM0Qy8OgC0GPB32AGWNH4LpLsAO5Gcsz5XrLvYlpPpemhigqBmtXlcyQqjthQ9wDsn3yfh7kitgaTOQo4DVM7ENMxBKEMD8Z8GBU8vu2JFpegRFh6PNH4Eimx+YkeZ3PIXIK4fACuiKPYdiH90OTwNkDXAdkbjLC5NbJe3/HxoOtWQ2EQX+ZvP9Ss7mWgzr+o6OotBatErh25GA6ag1wHkgN0AH8FMLXEC1Du15hFDhile0959KH+QFZYkGdudmuu6mUBXIKyOkM3+1E7Hl5IDiNTFvYishpiPtlhu9+OcHBCIZhRu+KtszE0UYcORDav4gZczDIGUADD54QwnG/h8j3qF9zJqbh69gdK2XWnhrrMgbVKqix42UbDC5SdzqwDwCz9tuRlOGf6itIpws8hsMxTFvwOiT2tU11zsty0VUda/UA8g1Ejse0nAUMoqe56ouFmzeS4ubBjyNb0dQQpaP2dWww7RrQh8AZjoldUZbpSRWQX4plIk8Dk8po80PQq8A5EfQwT7mLcAGqR+aEvfwtIr8HQN1vgKTSAHeBXIMwH9x6VM4jf0q3t4BrwXkNcetQjgK+S9r8Wx4H9y4s8R0N8j3sxJyDFQj8LNnO04jeg0oD9gz8HOhvQK4AtgH9AcixwDHJ+vOA6xAVVA5FWJ40gjwa9EfgnAqaiiyvoLch8jgqfYHTqqQPyocNRGMDinY6qhbMqO2g5hxs6NdUNJN/4jhTi4pttYkRTCDWg3ANpecA78WWDOFnRGOVzHRbPExkb5BLQE8jIzSYD0xPhxvdAhFMIDMax+BqyyYeSy+qDSFBONzAVfNLSShUPgwO0ngEqv8DHEXmSL8YdBqm5U+bZBw9QPD5V6sSXrMXmxtKiK74PMyYRsyi1qr1Yy1tJwNnoLprunfkcZCbMAv/VrW+K4w8BFK19M292PzoC85LmMg91K/5frERBruFGTsaEseDHI/LMM8vHwK/JiR3VcvitpoIPmKZyL+BL2zaofRi00PXgzxKiGhJyWoU4eqGvXE5EOUgkIPIFum3gzyJuA8weO2cihHhZoCfQMyIWqi7BZxeG/fPJLQWZX9Eh4Gk3nEX6KsgrQjNqH6SdYlQg7ILyG7YoHR7QFK/k8Fq4M8gj9K/8y89Nm3fQtBLBP+tmNmwDwk5HfgmxQS79mMt6POI8zyaeI5BfRZWNZDHZkIvgfy3QxFmjh2OJvZFnVHg7p7MvpRdC95G5FVIvJY0Kn17s+tUetGLXvSiF73oRS968WlENg9y84S+dKzL7zvQEdKisvl81mDdPo9GdDD9uuZUTEJjcKgbWThtc4e7vuRgapsKpuFbiAwFwGFOVfOabyZkKwrXdsyG2m8XqL+MlFXrfxNaV9wBnI0C62tHYw3teg6JHEIHfy9cyZkIVDFQeJmwwa5vQ7FRMBPh327mEVUFOebucmA39SsTS/bTh0mZj1rJKBrdPe9O6L9l2sS1vjYGSIWIfTNP1q5PPTI7iHVkSjkjucAb/urytL/svwJzsMEgVhOSuyrWanbahf9gI5B40VpO0pdNAnEOyQh55blCVT/NyBBIlx7keVkvYWKf9phQFURsKoz9EzXO8jyp4EqHPaJ4bd6OwsS2zN0iCCqHZDxO3f8CAiEr5UD+M28qmraooLzCEP7Me/wAlWNBf46J3QekTJ1PQnUyVlO7EWv/f6Mv+aKdLCdhY8junKw7j9rQjb487EEwY3YE52Rsbu9tyORJfB30nnQMJUWY0XAMKt8GHQpSB7QjclveoAAzxo5F3S+CC3F3MPBn22fjUYiOtO2G76BPXGiXrwLDEF1LyL2/YLqw1jdGkjmirMuTcgF/X+0/wek3ATdxOUgbJnZSpl7DKHDOAI0AtaCvQ+hWzEL/+5wxZj9c50xs1BBb19FbmL4oIN3dqO2g9jughwA7AS5oxlbPCT3vqy+1Z6N6ALA9aAc4z1ObuMGX2q6p4XyQAai+Cx0PQp8LQI63UfiZx6DaKey0UyetK84GTgWtA1kM4R9sCq9DL5OeOQ8HpQVL4erI7qDXJRePW1jFacBku5qITZJoI8I/GmA2Pwk4lhtGjUtLgmZFhtC64lH88aEm0Zk4BhMZj4kFh61RhBmNV9qIKPQLqBEBx+aZmB2poYlHsX4JZAvw3Dvy3q/rng+cbi+RS0kRCBpNeg/Gcdx5tHMf6I7JcUHcuQgT2TPv2CUxEU2PoTmZ4yMfLkc5GFiL9H0N170fJIz107cwjQZ0KqhHCy7jwT0RM/aItIm5DaYxA5cpZKU6kPG4cgKm4XBMS0Zw0NT4TVR/EZCSIoWPmLawlenpcRwH+r+oDva0DegBdDoncM2YcWkiMRPq0c5bbQV51BIH4z2xEMaztrMtudMemmmLsRD/GLiiwDOrCCyB3DCqP+s9KbzUHZZMSOJBx32YpetI6H6eyXUEpE2b3yfavBRGDKAr/hQwIlk+H3gPSxxbAcNZXzMReCKZFuzv2KSTauvq+yCTsKvrvog7AXgqcPRNkdtBv5caNTaBynLg7Ewlx+biW8V5pImDVclxhYHBqBSKnHFI+pO4NmOTDeyQykLbhev+kcxukMIQcPYCFge2mp2xSn3P2yHG9JaYndCaejcbUL2b1HsTfSY5numg0WSdd4Bm7HvZBxtN5ruAJZCmSBMwNVn3bWwgh72TfyGQCyEpWWtqOAnV35AR5iwA3sVGgE/Zb1iSGxsAAAgzSURBVP0zbXLSFDka1Uc89Z/Dxj470rbNrnQ6V5Hy6c/OM3kM0An8CTiYzPO8Cut+/ThoA+moNql4BtWFvZENtQeQfdy6CmS25+9qokuTDKR4gxoPA3mWkA6H2n3sg6q7lhRxiHwNE9ufaGwyWaFuxN78xvbrSROHHoeJTSDa8jXgCV/dXDQ1nAGkiKMN5IuY2GHg3O6p9R/Mgn8n2/lSpknuwMQmY2LHYmIH5l3lTWQXMmbca9h7DzvZs9Nd9wVdgOPsi+Nm822hRCEz70mez4fmPO/ZqLOTvc/RnydjObsD4CCcSG1oG3aQx5nREMHGIMYGPRi4GyY2GfTSTPOufYYzIuOxEw7gQRi4u60rl3nGUpO+d5V7SM0R4QpMbDwm9nU7WdOwC9B1Ewei/IoMcVyLiR2MiR2TjEaZwuHpT9mZAzrAPQQTOxbkl55yF5FjMM1fQbgmU6xBAQQrDksU3TtIPZ0xTNPRnh1kCfWrD0/b+5vINkBqJexA3QswDT+iSbYnE2NrI3Q+mzyGnZWuCxdhGqbQJDuQyfO9nhr1Z2M1kX6o52GJ/JBo8zP2szvBY0LnYR7dD9LjVqKYxnr6d04trPTTgzP3qv9KB0pW9YpnV0DHZKYvXYcZv5ONoQ1Agq3Wrghs1hLe0Pz9kqAuuTsQ8hKdgnss0UWZ3IOmYQrpSSm7Q9uTmMggvEk9ReziZI9VqQm8Z6aueuqSnPx6JUj/5OeHiLZ4JrlmdlUn+Yzb288Etk2WLiMau8qTePMlzz30z3yUAzzHqasxi5rtR3eQ57n/mmjsyeTdD/S0k51yrkpIPqwsSr6Ius76rL9Btd9JDlDsTaUgV2U5w4geQSaRZJ1dteUAMsTxIaInYV58n3j8SDKrcB9P3RRxfIBwUmC+cpGvkAm49ib77HZ3+jeVr2TqkSGukPtjIMXwh0AvZn1NM1fvV2CiysGZjx5RpmbpL+7ALLWrmXSN8ZS/kN9RyPsMdaHveZPYxpPLw7N46f9hvMQxKQxypKfhMdidqQG7+CnInejA26yfj2f1tnW8dV3gDvbZ/XZmR2pAMsw/8tP0x1mRIWTiI69ne6zkTcUboeXX2Za+6omnLG9kxp7mUV1qwr/y1PE8x5AnaKBmFgvR6iWR9SCcjP7neQmhx7PSB3sxM7IvVkoEsJohmp1oUcXravkKVpeyFvgI0QX06TsnHQ5fZS/P6rEMeDNdF50PHXOILg3eRlUP9nz7R3plv2bMtnRqZhKIR7E5bfGrzBw3lkTiVuDoZOnexMNN2BBBQfDwH2InppW4eRYU5+HMuLIIp4DoU73B4p7O+7xt3UMyq6mTLWkLrxlK3EmtyG32uUkbsAGRl1F9CNO8DICZkT1IpKPUrAVdAM5a0I2grYSch6xLbAxM5At4HaL6d2XyGnbpSRlHK5nHuc3JaI2aeffi2TEMDnCy537sbuCsH4Ob2k00lhaf/ziyFe3p3e9DogvnZnYij6Q1lPCfLKqAMM7a/XBTWymrMmf2AGRNAH2Wc1tyQllKyDPpH8bErszftVfawpxk6uNisaOnT0scZlKYzrbbyeRXT+Bmbe0wbcHrKMfS1PBrkJRJzTCCYMbsSGal3IC70a5Yy5aPBknZT72NWeg5RomHoLRQjKfiCMmMGACSWjWV2kS2sCIeDtmFH4D10HIEJlOQhUQoBGkjgDaiLYfn9edw3MG4HiOLjrp6YD1X7zeUuEzJ/KDehKA1mWJv2ohIlIx50lpqwlbR6rqeRUIyz6qDA8lI155Lj9GM2wsSqVPDcqa+8G7g2CuMMJplXvJ83pqQoxySoAngnZA/wkQagTdAFFRAVmKajb1cX/KIOadgIuOANzN1eQcTmxE8EPk4Mw49FROpg7ZRZMftfS3NfJvIVNCx4HxEE12gXkFDnsQyWc9lftpgMPt5ZVYxK9lqSA0KzaNdtrF7k9EXccHNvxJK3UQ0PfFa/cfN/m9B2xqsdHAHiLRimA+S1L7rUOrXfMMe9da/AX3WYdOWDaUpshTDApDkMdDdGQYdh3kmjqursrqJu3/DRP5FnGOwaZaT42OJp9ZCMgH1foZpPAR0V7LUB1yYUbTKxPQ7FMk8A80Kxep5Nm6Ru3NlEc5h0Lvp2MOc4T7r/33Ao9C2BDsBQqQDUqcn86PpqgPrHmZtZys2mU6I9Pk4XfehvMMQvR9NCwNqgVOANkRPRyV55BFrG2RGDAAuBxmAf8FcArXX5BZaOAd7FoPMvarH4kA0s6AI4z2TeZlPGZquF56Aamp5XlLQOjp7svjfjXkmTlPkOo/AYpj989znuvoBQAdmaSdNketRUovOPvYvfY/Qp60/sAaz+A1MZAEZ3dReyb8FoIvTEkHRDIE4anDlEGAg0I9MjhSAjaAXE235dfK+hKa0oENRz3PEa9EhXgKZ6BEOFV7IK4gwltlNHhOcgEmfhD1ybEjW7WCI84K/zjPtmPETIX4x8BXsih4HPgZ5DXEz4sFL527kx5ED6NCLk4z1tkAX8Ak2gED+DELR2NM0NZ6C6oXY8JXNwEwcR0lo8l6SLy/UdygJbSYjt98A+jYiDzB4zf35GWl3ZxDbluO1QZPM81K8jPuwdDn6f3nHrvqFTD3pJnCa83lI3o9IcCypaOxaTONS4LugSb0Ha7D6iqV0ru/w1J1JU8MSVM7EiteTdeUdy4d0ZZSVte4xdIauSwpwFLgPBt4Ibfcnx6+48nK6/vSWGDNHR0g4lyVVAdth9U3PQvj2LGPGpvFDIb4Om+vlrfRiYvnhwcn2O2GjR4fk7Jh+Flk7S3Xx/wFxNVbP6+hluAAAAABJRU5ErkJggg==', 'base64'));
INSERT INTO license_localizedname(locale, text, license_id) VALUES ('en', 'GNU Lesser General Public License 3.0', 11);
INSERT INTO license_localizedname(locale, text, license_id) VALUES ('pl', 'GNU Lesser General Public License 3.0', 11);


INSERT INTO license(id, active, name, "position", url) VALUES (12, false, 'GNU Affero General Public License version 3', 12, 'https://www.gnu.org/licenses/agpl-3.0.en.html');
INSERT INTO licenseicon(id, contenttype, license_id, content)
VALUES (12, 'image/png', 12, decode('iVBORw0KGgoAAAANSUhEUgAAAMgAAABTCAYAAADa+UgeAAAABmJLR0QA/wD/AP+gvaeTAAAgAElEQVR4nO2deZhcRbn/P2+dniWEbIBAEkTZvGgkJNOThBCFIFdRQURkRIRoCNNnJuEXJG541XsZ3FC8ymVLps9MIF5EuUYQF1AWV8AAmZ4AIYIKEYRMWMwCCczSfer9/dGne05vM92zJHDvfJ9nnumuU6eqTvV5q956V2EMY/hfDjfqHiAiCxRdgPJW4FDgLUBNUOUllCcU/aU/zr/5+vuv35W5V/bCeMcwhtGGxObE6sWXsxBOB/6F8t/1V1R0RVtH2/VUcNOAcKPuqaIyfSTaGsPowhqbMtZE9vY4RgOKThKRhYoeB+yXKReVXoTHgN9heIQUT6jRv3kJ7+WGhgZn4lMTD4uYyCxVXQycGrT1+bZE23+OFIE8Dxw0Em2NYVTxAsJmlPl7eyB7AElB7lf08mkTpv225fctqXJuaqpv+qSq3hB8nTVsAmmc23iY8c3m4bYzhtGHICuBYxR9994eyzChwJNALbA/sE/o2gti5Vo1+m0v4SWH0rgbda8CLlK0ddhbraTk+LGTzBsDIvJDq/Zbe3scQ4awDuU5Rd8kyDxgXHBlt6K/sNa2rt6w+o/D7UaN/o9YuUiQ2cPnRYV3DbuNMewJvHBwx8HruqJde3scleIlQX6oqg7wAWC+9K/IPYpeFemLfHvVxlU7RqpDp9d50lZZgEOHv4Mg/xf42Tc+hLtbaLFNNKmie3s05eBxQVapaq2KNiMcnnNV+ZVjnBWrOlb9ZaQ79mv8N4kVgBeGRSDL5y2f2JvqfefIDGsMowm1+uvg4z/36kAGxyZR+ZYVOxH4CsLUvOv/FJUV8c74D0ZtBMox6X/6zLAIpM/vmwc4IzKoMYwqNKJ/AlD0+b09lhJ4VFW/YTCiol8V5G35FRT9UcqmPn3DhhteGs2BiJVzEEC5bVgEouiCERpTpUiKyiLjmPXhQpuy+6nR9Xl1raJ/FJE/qNWnReTVoXQoKvuq0begnAxFzl3CdSh/GErbYaioIyrTEWagfAwYH7q8Cbgs9waOQvjGIM2+0P5Q+9+Dz1uHO8YRxnMi8gVVfV6MXKGq9UXq9IrIhV6Ht3q0B+NG3UOBU4CkrbE/Hx6BqB4ve16ElRKRT8QT8Z/kX2iqa5qRV/SUEdPQ2tG6YQT7b4nVxz4uKj8KF4ovbfEN8UdGsB+aZzZ/0VbZPwBHpzvhbq/DWxuu49a7TYMdKRR9IPT19UIgvQjfjUikNaWpy4DFaNGX6Tkj5qOtHa0P7aFxfRWoQbhh9brV281QW2loaHACUduehA98Kt5RSBwAVmzOjqZGPznCxAFAW0fbzcD2UNHu7Uduf2yk+2l9tPVFIEsQYuWBgkrlKf02hj7vfQIRfuGr/05FN6Zsaj3K+RSz6hDW2Yit31PE0VzfPBdYBHRHJHIpwJB3kMlPTz4GmDhCYysHqqJuW0fbD0NlaU6xH2HW5x9t69v+FG6gcV7jQSZlcsoG75UNXqd3Vrho6TFLp/j4U0JF69euXeuH6zTXN8+2aosScimISHO8I353Xv9vzbw6KrquyG3HDdou8ni2OaNbAgnN3sAWoAlloyPOSjRt1lEUyj3dye4zbnz0xgFZ4kUzF42vidQcY8QcrKK9TtJ5tPWR1i2VDmzJgiUTbI+9CTCCfGfl+pXPwjAIBMvxQ763cihwYcaADMCNuu+L9ET+tHLTyt0AixcurpVdkuVfhcLV1vGd4xQ9PL98wI5Fb88vs1V2HuEVTyh4ca3adwMV9SVJ+XNhYXaH6PIS3j/Cly6Yf8F+9FFwmM2HEZMlkOT45BPVu6p99rRwRfiB0+tcZKvsSSr6CDC5VFVF76h9pfZM70mvt9j15mObp1vHfgLDaSjHAdUAooKNWL+xrvGk9s72eysZXaQn0gocibBu6r5Tv5a5MGQWy2D2HIEIn/US3qrM19ic2CxFYxniAIi8EplDv/kyKlpAIKo66GqbDyOm4OVXk9tOMdYnMJirBM/mr3znzz7/TcAR6U4o6MMkTS6hloDpNn/LfF7z+zU9pM009hReVNUza3bWNPpV/ldV9BYGIA5B7t23et+zrnnymgLiiNXFTnGj7p02Yp9BuALlBALiCMExYipSPbj17qXAJ4Bd1thzw3ZbQ95B9pQES9EvtXW0XZn5vmT2kmli5Rei8rVwPSMmZzzW2kJ2RJlfqUzBN/6gfH+f9hXUqVSBKkjBeKul+jhF0yO2hQQiWlYfO8MLCQDKYwj/Usn4hgTllqQml1Zr9eTeSb3rgNmD3LFJ0Q9due7K7lCZuFH3wwhfRikm4SqAEVP27hGrjy1B+Q8gpaJnh6R96bbKbSiMJbOXTAPeOpR7K4EgX21LtF2e+b541uLJERO5A5jmOM7P8+qGCaR33Cvjcg7nLQtbIkh5ExzCC/kT1kKLAeaGip7Kl8u7UXcqFc5P0R0vvFMVYePK3KWeKygxjLhAIQ/dorLE6/TOqjJV71VHEwxOHC+ro2d6Ce/l4LvE6mIfc6Puo8BPyyUOhF+3drSW9XxNdU3ni4oHiKhc2NbR9qv8OkPaQaqcquNVR9lcQbki3hm/NPPVjbr7KPpL4Fjg4ZXrV2YVXi20mC66siyfIBvyt+jndz9/DLk6hTKGUPjSbp299WjCLEKxF1f1OJHKtqqSO14ayfHV4xPhS8Ezzy24p7CNZwuLdOMoiuefBj46deLUR2PR2CqguZybVLS57aG2vwI01jXONMZcE7BQlaBHRT9XTkU36i5V9Lp053wh3hn3itUbEoHsAfbqaq/TuyTzpWFGQzXCLaLZXeI34crP1z//DrTfQUa1UNrjqz+/0pfCUHj+wGF+jtysGOtjJLfO4CjY8RoaGhw2MyfdII/ksR2ZZ540aMuGbflFESKP+fjFag8Lit5d7VSfo69qb5d2/VxEPlDOfYLc6XV4Ny89ZumUVHXqMkGWopW/m4p+sW1926aB6rTQYrrqui4HvgBYhGVewouXqj80AhlNBaES9zq9izNfGxoanP0273ejqr4/W0U0h0BU9V25TRSu/KJyXKVDtthdjXWN0Zwyte8PP7vFFu2rEoPAYjteIEbfN+ikoA+rtlwhwMv5BQd1HPS3rmjXDmBKkfpDxbd2Hr7zK1M2TzmQWu4C6sq8L6noxbG62GJf/CsEedNQOhfkJi/hXT1QneXzlk/cmtp6E3Aa0Ass8Tq8Hw50T8VnEDfq7iPIYPzkUPH9aZ3TltGv25ApT03xFP1YqE5fVXdVziFMJXdHq3KqCld+qdyLTpDrjJiO8J8gYZ3Ia0bMo+F73KhbpRQ1lyiJYjuesWYkzh9QhEBaaLGC3F/JGAdASkQavYT3b/s9ud+/AOsonzgQ5E6UVhG5ARgScQD3Vb9cfQGUXpVic2KzelO96xU9DUDRW4HbBmu4YgJRo3OAqkrvG7xhbt5x+I4LWmixmaJYNHYVwpK8mg8VkcqECWRLRsmTQY64dCQhdOR7ranRWfQ78pSFYjuexWYJ2jHOkKVkovJK0T5Vh+1YBLwqIh+Od8RXu1H3XWr0PtLRQsqGoqcinDjUASj6EHBaMbFwBs31zXPFyn8TcgsX5Bxg49I5SwfUVVUuxRoNBaFw67SJ0xaFtdFu1L1ckOUFdfMMApuPbZ4OHBa6XvAyVUv1cYxGBJcirE/Oyl8miu14IQJ4cdX6VTkuzYtnLZ5Mxj5rcBR1O7XYShRpxfCiGj0p3hG/w4267wLuYGgs29B/F2V90k+eEpJ8FUVrR+tDXsKb6SW8yd3J7n1F5XTgYeBw3/o/a1nYUvKoUTGBjIKC8PYd3TvOCStnmqJNXwG+WKyyGMkhEHVyzx9F2RFTuYKwHAy28peJgh3PjboHAEcGnRQSvFM9lzJ/O1W1xcqNmATwWoVjzeBJ4Pi29W3rA+L4FTBhiG0NDco9qXGpk9c8vGZnJbfd+OiNr8Y7478AFgCPA+/csnvLB0vVr5RARNERIxBF7+6b0HfW2k1r+zJlbr27QtGvlbgl6XQ7OQSQb6BoxAzVoK9iiBRq0AWpjBiLEECg8Rcorh+p5HlEpKi4ykt4yWLmOGXgSZMyC72E91SIOPYdQjtDh3Lzjt4dp4YDvFUKL+G9hnATgKiUPDNWJMVqrGs8mlC8oWFB+YOInBGYPgDQVNfkqup3S90iSCL//CFIeAfp69m3J0dfkCMuHVk87SW8HMvYZXOWHZyyqcNK3VAURXa8MJE54hQKHAzHlSskUymtsFLRe1HeU15LAGyOmMh7Vj6ycktjXePbgZ+zZ4nDR7jUS3jfZIADeQXIeFeWFJdXRCCOcUZGQSisS9WmPnT9/ddnt/imuqbzVHQVA/Ck+QfLJQuWTKCHmdnr6MNhggPY78n93qlGS/2IDwry03KGrKJvRrmwv6Bw5U/Z1FBsvQp3IZH5gZg4ZbpNR/5llLLdDFS1tmTfmLst9tJS1/PwNHDSyvUrnw2som9nZMXEg2Gbqp7blmi7c6QaFJVpiqJoUUEGVEggI6IgFDpQPhDeHpvqms5U0RsYhOXLP39EeiLzCVmlFmUZTGl2RJCb4on4NeUMO1YfWxLWfxRjfWzEriNZsTlLjpg48PPPaMgfy98xg1287BdTkJIStW2HbXtgyuYp20jHlhoI/zC+Oan14dZ/uFF3H03pzwkLRkYbyq9slXXbH2wvNJsZTrOic1FAyPdCzaIyRaEOW4L1iF/ln7J63eqs1CFWH/uAqv6ojLH4qpojuxdkQVghV8xfYkB9gS1kb0rBqMlR/hVjfdofbH8BeKHcNvPhRt2q3mTvlUiabSkmBHBwKlVCliSQtWvX+k3Rpl8reu4ATey0at/vPew9HbTnkWuLNppIx8lN9Ls5jBQa5zUeRIr3AL3VprqkTqhsAgkkK4P6HgyAP5ukeZ+X8LKeeM31zXOt2nbg1eCvNJRHvc4CcV6OBMtJFeoLoPQOokbvdqNu/tuWGl89/i35ph15hNazrXvbw3n3ydJjlpY04y4Fv9p3jJiDrbUnAi7SzzKWNLWvgMtVdED7M0XvAEoRSEpEPtaeaH8c0sZ9gxDTSOJBxzifyBdxA6yYv2Lcrt5dRxkxh4vKgRh2+Y7/22CBKgsmZc4HqlFuvu6h6wrMcTIom0BU9HjRCi3w+vE34F8DF9IsAlfKIQW9DjTWYV78+daHW58O17lw7oX7J/3kUQM0U+yF3pBPHAHb0+/vrnSGJW/BeGb7+DkCgnJh1RY9eVlTaMYyBIncAQNd9Kv9Xzt9TikHqosyHo5u1D1a0bLY0WFCFb1i+oTpX8mI/htmNFRP3mfyCeLLB1V0wat9r842YqoAVBQUTMr0xebETsr3Ii2GQI+0AkAdbR2obvks1tDZq79HTOTkletXjqgvtBEz26rNro7F/CmSfrJiBWGxdnpsz1xBsuejkqLXkVVFbmt7qO1v4YKAUN9RUSvKgQNdXr1u9Xa3zr2viDb76oyTWsvClkjXrq4fUaE19BCwS1QWe53eraRTGJwovlyA8GEsExEYwAawGuVQYFACqY5Ufx3lQEXvaFvfNmAkmrIJJM/folw8ax178sqHVhaYXA8XlrwADcX8KdDjKjWqtFK4ahube/4oxvpUInotB4o+SJ4os6+vbw6mQldZGZhAADD8BA0RiPDHHYft+AzBfrhl15YLBZlVUb+V4y9W7Ues2pdj0di/CXI+lqMq+Pme8Wv8AvfofASxAlwgheELg9Uvi0AaZjRUQ8XSma3iy8ntiX6HowvqLjjSiGmssB1E5Vmv07sup9CyIDx54hdR2g3FgreIX0b+Qd93BvcyHC6KmtoPIJEbAIMbACq3AFeRliLuiEjkvIzZT+O8xoMkJZcNeP8wIcgDKNcZY75t1HyAyq3Me4DzBlMcrpi/Ytyrfa/+AKhS9NuDmcZT7kAm1UyqIx1qvly8JFb+Nf5wPMsiBAG57qFCYzYAhPYiZeEDelKN5ugLWmgxXVKGQ1EuXlrdufqpgp5yI4c8ly9uHA1jyGLnjyH4uQMc6EbdqoFSATh9To9f7e8CJomIGzZ9MUnzTaQMv5OhI6XowQg3DnEHTorKufHO+H2DVdzdt/vbgrwDeHhnz87/KKfxskxNHHEqOX9sFyvvjW+IZyN0BC6oQyMOIF+82zSr6ShyLTMf9RJejl3R8/XPv4MKwxIJUsDWxObGjiKkJygmeg2MIUcSttbU5seCyifUcuH46g8476nq1HeASYquDsccWzZn2ZsRFg2hz0oQYeju26+JyBnxzvitg1Vsqm+6IDB+7VGj5+ULWUqhPIM3KVtB+LJYOSUcYTAQD98NDCRNGhiRvIOXyRXvFvOnqMChaMB28q1zi7I+Q/A1GQR/vubBa3K0u02zmo5kcIVeUURMpKRSz4268wQ5H3imJ9nz6fC1lE19mtFwbRgZPGPVnhDviN8xWMVYXew0VY0DVlTOLYe1yqA8Y8XyJFi7xcoH4hviWVbHjbqTgDuB/JCgleDFfGlOQQTFIqv6UNiRYt6B+aGCRpD1KYlikjQiwyBCW1zr3UKLQbgWMCr62XCQthXzV4wDYkPuc3Rxe5VTFW3vbB9UrB6bE5sjIj8AHEUvK2e3CWPQM8jSOUsP961/8CDVXlOjp3kJL/vDLpuxbN+Upu5AyvcuK4E/kcf25EvURsSqFnw7zhYzOQi/mH3J8cnO8MXRMIYsJkkbSkyv7L1oUd+RLXVbLhCVepR72hJtt4Sv7U7tXiDInoycWQ62i8iKeEf8v8up3DS76dgg7cMklBvbOttKWYmXxKA7iG/9wfLZ7TZi3heWJy+bsWzf1LjUXciIOFflHL6aZzYfCDkxnZ73El7OwXrpMUunAJXpC2BjvhRk+bzlE6Ffsy1IZ74x5P5/338mI2zRGiFSzPRhyDuIiBybX7Z44eJaEfka6SDSBZFHROV9Q+1vVCB4fX7fEeUSR3N98zvV6F3AfoFD3hKGYAE86A4yiC6hD/h4a0dr9gdtmNFQnaxN/k+ZQc0GhZrcc4GtsscTVv4pBYGN/Wr/MEE688sHgsX+PL8s6SfryF1EHiwYn+pIB/DeeVDHQTkspRt1q4BeQcrS1CvqALNC3wtY3Opd1WcDBwnSFk/E8yV3o+ZDMwQ8LyLLSwUsLwY36p5k1d4KTFb0jp3dO8/xOryystzmY1ACGUBBmBKVc+Kd8axypmVhS6Trla4fAiU9tCpET+2O2pyXIt9AEeHp/Ju8hNdJ5XqbAvjqn5kTwaQY6zPy548Hw375kHZuojIJlrhR9xX6d7aDmmc2Hxgy9RHg86TNOr5Xoo1DKhn3KOA1Rb/n1/pXVOIYFauLnQtcD1QL8tO+CX2fWJsoT2JVDAMSSHDILnbA9kXkk/FE/4GnhRbT9UrX9QgfHepg8qFooogzfn7ymrNic2PXZYKOjQQWL1xcW7Or5tOKXhguL2EMOaIEUkySNpRmBPmLotmQRbbKzgFuB2iqazpF0RmC/DKeiD9Roo0hx20eJizKGuOb/6gwSrvEorHLBUnHUxMui3fEL2OYjlUDEkgQIbDYRL2gqh9xo+5HMgVb2XowMKL5twWZ5kbdH+eMKfSjB5gmvmxy69w7MDxWKopHmdjHYo+SXfJBRfOVY33q6NlN0ab+saQzrw7HwrkAInJUU7TpksFrDgxFa/IK5hMQCMJ5QV8lvTcRtgS2TXsMgtzpq/+F9s72Rwev3Y+GGQ3Vk2snXyVIM2CBL3gdXulnqwADEohISfZqGtAQLhilzKmHUZ5jTgThdJTThzuOgYzhFM3NMT4KsfNGy5xcJH0mDMwtTgeebe1oLW2ol44esyfOISrI7SLyrfBZtlw0H9s83VbZtcECsBtY4iVys3ANBwOfQYTjR+e9H8OehqJz3ahb9VrytVOBCYquYQD2w7d+q2OcT1NhjK8KsFPRGzHEvfVe2Yq7MGJ1sVOs2JtQ9gc2+uqfubpz9YimdijJZ7YsbIlU4vs8htc99rVqj1OrJwIM5ou/esPqZ1T0/43wGKyi96voBcD0tkTbRZVotUOQpmjTZ0Tkl6StC26ridS8a6SJAwbYQYJo6KMdseLvFK5iExnEyWcYeFbRrYK8nfLjOO0indfvQNIOVklev+YXA0JE3qfobEFenTZh2qCB49o62q6PRWO1gnwH2GeI3fYBv0e4NSKRn4Wj8g8FAUv1fVU9GfAV/VJbou1bjEyUkwKU5KLdevf/oYymB1mXl/AKvAlj0dh3BfnMCPf11yBT6mOQjoYS6Y7cMJjETZA7t/dsP33tprV9sWjsNiPmVrV6+khK6vYo0gEzjg7cl8v271k6Z+nhKZu6UJBzCRmJlkC3op3Ag0bN/dVV1ffk25UNFW7UbQBaSYeeeklVF7V1jlyUk2IoSSCxaOyHQfzS0YFyi9fpnRWLxr4vKtNCIzqK9AS8AhxMvyvoFtLxi/J3tR7SgRJKWayqETPTqh2PcIWopPBp9o0/0UhOSJ2nSUcLyUivdlu1HwQwYq4BNnkJ79wgoctbgnGNJx0lvJv07mJJB4seTzo1WG/Q7lvpTw/XE5S/RtpXI7OLvxDUqdivvWIoN3qd3ieHcmvj3MbDHOvMVNXJolJjjU0ZzCuCbO3z+/5+/YbrtzLCq7kbdScJ8l+KLgZA+XkQ5WTIATLKRUkWa4gehOVDWLd41uLJgpyH9J+FROX03om9d6/5/ZoeN+o2Al+yaj/V3tl+b8vClkjX7q6voFwKoOil+1bv+50r113ZHXiK/ZK0hC2M7a0drY/F6mKLBTlc0UPU0e8YMduDn/GvYuVjGQtkt95tQblUrLyrfUP7IwBN9U2XxjviPwOwas9z1JlsHTtZVH4mKp8I0jHsBK7vTnZfPK5q3N8UXZ2ckPzGmt+v6WmY0VC9X+1+Nyv6EYSLa3bWrNn/yf2TW+q3nCIqN4jK4nhn/M6GhgYzefPkJkGuY3Txz8GrFEeQcevvg1YcIcTqYx9FuVrRacAronJxvDN+w57qv+gO0jiv8RCTMiPuJhuGEfOubYdte+CAJw7IGsT51f6vkjb5IUecqcaYi1EWiJWPiSM1Vu0ahB97Hd5lbtR9QdFbpk+Yvnzrrq03Kfq2VG3qhEh35DMILfl9qeiH2zrafk7az3m++LIc4eNAt3XsDMc6R6rqtShXT5s4Ld61q+sFlN8FO9xtQT74U1V1moi0icqFKroDuGZaYtrMTTM2RabUTnkFeJsgn1TVf3WSzkdS1alvCrIgYiKnpmzqFKDNqj222qnekbKpr5E2B1mhjm4RX24GfuslvM+5UXcTlduSlQ1Broon4hcPXnPvofnY5ul+xL9OkA8HRb8DYvl2d6ONolIsScpoZ7Dt69m3JzFl85T3p6pTl2T+gH1u2HDDS8aYS1HOV/SZ+Ib4I71+798d45yGEie9ffcKctW257Y5xph/c4zz0UhPpAdDd7HOROU2N+o+4EbdS6xvX/Q6vXOCkJ8/PeShQ55R1RuAt2F4dxBJw8fw7OKFi2sF+QBpSckTCCeRZvsOsGpfAb75wjEvTFq7aW0fysqkTXYr+nmEulR16hKUu3z1zzxw/YFbFH07sOvlI17e5Fv/s8CnAPES3u+sY//pGOcsG7H/FQy5ZCj/EcJQD9yjjsULF9e6UfeLNmIfD4hju6gs8RLeyXuaOKAUgZRWEI4UNgRWsRcJcknmD+XhFloMysnBONa7UXefKqfq6776lyAscqPuRUC1l/Ce6Jvcd56v/iXW2qWicr6qnp7Xz24v4QnwPWAecLkRkwlYvE2QB56b+9xbCEIPKXpX86zmtwJvEisPVL1aVUf6LLHRS3ivZZRtavRNVcmqzdMmTPuxX+N/DsCv8b9eZaq+Qlo69kFr7SpBjnTE+WALLVZUjkN5cO3atb6i7yXdYQeA0+d83Vf/EpM0n2yKNjUDbx+1mQcsdtR2p2FAmuqazq7eVf04cDkwXpA1JmneHrBUe0UjV1wPMjJm6iUhyANFssWCsC5IkjkJQFQmewnvNVERFL9mZ81VgY/ChBXzV4zD8qKoTBOR21KaulOQfLuxcW7UPSBlU99T9NsoV6rq4tjc2NsUPRk44OVXX94CrBXk8ukd09dYx34ZIKWpB7LehEomSFzGbumAVRtX7eja1XUKgW1Ydap6MumElZu9hHefMaYBw3uAuwLHpJkq+kBgin80gIhkQoj+E6WmpqrmWhRLZf7/FUOQ2UEgjtcF3Kh7klvv3q+iNwNvRVinRo+LJ+Ln58dS29MoOIMsmrlo/LiqcTsZRg71Mnr9jIpuFCt35xSLnGHVHhXI3QFeVdVFO3t33j6ldspElIsRvkTaIuQHps98dpu/beeU2ikLSYv/Cs1SlHsQlnsJ74kV81eM253cfZaofIe0uHIncDbwO5M0U2yV/TJwEbDNMc5ca+1VQcqu+4Bzrdq3GDF/FOSnxpjPWWtvUnS8Y5wzrLWXB6nikiJyxvbDtt856ZlJhzrWmWmNfVx82aSqyzD0iErGpyGpqq6I/LjP76uuNtUxhG+wB/QsYuXy+Ib4l0a7n4HQXN+8wGIvy3AMwD9U9CttHW0/YC/tGPkoIJCm2U0nq9F79sZgxrBH0V3zcs2UgVKXjQYaGhqcyU9N/qggn0OynphbBbm8+uVqb0+PZzAU7BLqVBb7dQxvWIzrndy7Bhg9XVcIbtQ9AOU8NnMRkt3pt6JciXBdPBEfararUUUhgYxmiucxvL6gfLyxrvHZ9s72QSMMDgUtC1siW3ZveS/KEuB0hMy55zFV/e7O3p0/LDf8zt5CDiW00GK6ol3/ZM8mRhnDXoYgiSpbdfq1G67tGm5bbtStUtX3iMhZwEfoD1XUJ8htWLz4hvhveZ2cMQZDDoHE5sRmiJXH9tZgxrBX4avq7xS9vL2z/bfl3rT8yOU13RO75xoxCxFODCzA+82BhA4sPzYp8/29LZEaCnIIpLm+ea7FXrC3BjOGvQDLVIR3E9iAKaqC/EPRTYlWVuUAAAt4SURBVCKyXqzk7ipCjaoeBhyBcATpbLxh70WraIeo/MRG7E8C05Q3LMYOG2OgYUZD9ZTaKR9EORvhQ1SW5iAFbET4gyC/T1Wl7l29bvX2Qe96g2CMQMaQAzfq7gMcIyrvsGIPJ08nYzDWYp9Decpin3LEeWagwNhjGMMYxjCGMYxhDGMYQx5yziBu1J0HpWMh+epvGA3H+NcjYnWxmIi8F2W91+l9Z/A7BscbcX7dercJy1kAYuSKTFLP/yvI16THgYJAxxkIcjLwuvoBRwONdY1REfEAEBqWH7n86hGyEXojzu+nMvlPVHX53h7MnkbW3D1IjXvMAHVTvaneguDN/xsRMZFwoswnRoI43ojzu2TBkglo1qDwRS/h/WWvDmgvILuDVJmqeWQIRugQK23hiiq6O5xg5X8zWjtaH3Lr3CtUdK4gnx2JNt+I8xvpicwn844I9/EGMQ8ZSWQJRJD+uLqWn8Y74145DTQ0NDj7/33/d/vi94WTuDc0NDiTnpo0xzHOIaq6rTvZ/VCpF6BxXuMhkpRZxhiHFH8OJ/8cDMvnLZ+Y9JPH+PgHi4pR0d3Vpvqh6x66blu4XpBE9GgVnSAqL4yvHp+4ct2VRV10AbxOr6z4uEsWLJlwaNWh3Zmk96Uw3PkFkjlpJiqY3+Zjm6f7jj+7nPl1o+7RKvo2LPsJcmImlKuoFIQFXTRz0fjamtr5YmWKVbvNiLl3MJ1IYO83R1WnVTlVHZmEocuPXF7TN6HvXVbsOFtj//R6UTaGzyD9UdPT/tpF0RRtuiEIv7LDMU69v9n/hcW+w6hZSpDEvamu6WzdrN9DmKaanuBxVeO6mmY3nRXfEM+27UbdqYJcpyn9MIJRVXDQWDQWb0u0LR1o4LE5sTmicnlvqvdEIJKxQBYVkn7ySYKciE2zmo7SiF6Ncgogoul6u/t2fx74z2Jtu1G3C5gKJLuT3VNufPTGV92o+wngJgAV/aBYORzh8/Twlq6erqRb737T6/BaBhjysOYXWAbcD5XNL8K1Vu0Zggw4v02zm05Qo1cBs0QFJDfesjU2G2hu0cxF4/ep2qdF0WXYtH+7Scc43+JG3Y97CS+b9MiNul8F/h1QsbKgy3S1ATNEhJRN9blR90wRmdirvVcDBwiC0+dsWzZn2exwtt29BQNBHnTJur+mupPdBUlpMlA0c8jc4lv/VwTRN3z1/wDg1rtfDlwn88PvTFOj2VXTjbpHAA8o+hFyXX9FkGY36p5aagyxulhMrKwLPNEyRJ41mxbkvqCPSerob1DeT67ELiXITcXadqPu0aSJA0X7V+WQG7JRsyzI7ZeJxVWF8u9BRqoCjMT8ipVy5jfLtmXmF+VMBpnfpvqmT6rR3xBKupOH3dPHT98AcOHcC/cfVzXuT4p+jsLgD9OB2y6Yf8F+oQfKBMB+TY3eSm46jWrgGlX9AbnRNPdPaeqsEmPZozAA+4/bfxb9QYoj46rG7Xajrmb+mqJNHmQzHWUc/t8JHIVwA/C59s72J9yoeypKOg+ccIMjztE2Yg8GMimh397Q0OC0LGyJAD8hLfJ8TlROT9rkgSjZWLCCvLPYgGN1sdNEJE46cFuvqrrAZEFWZeoo6bTRKno68OagvR87fc5+pIO1HeElvK3F2heVE/onx/wxeyGUyFTR9wFXK3ppeC676S5KIMOdX0U/H98Qfzw8v4KsKTK/R1c6v7E5seNVtZ30QpMU5KIqp+oAFe1PgqQ8kGEhU35qDZm0dMqvIiZyqFX7DuAfmcd1+pwzIZskNHPIH4/ymPHNYUA4Sv5hCKtIE3x/VHYd9bC3ZSEC4Kt/wkBOUopmZN9HE7LcFJXmeCKHl/4W6ZX6NZS/+viLTdJMR7I5Bf+6du1af3L95EWCzAIQZL2iddWm+gRFz8g0ZMU+nj+O5Ucur+mV3lVBH6jqOW2dbT8FcKNuOJHNfQBGzfgMm6DoybbGzvc6vIHTBgtZArGSZiuWLFgygZ5QrsJ0Zq1bWxa2RLp2df0HaWLtOeTBQ4r6U4zG/Cr6F18L5vdvlc6vqFxFYG8lKk2ZoGxuvXtEdnyi90JajxP46AN0pcalzvbu93YBxKKxO4L8HKDpKDFd0a4Z9Eeq/Kdf45/trfO2x+pifxEJWGIkMbVj6kUttNhYNLY5M0+qurnkhO1BRCDIHZFhN4XLUHIibtdEau6EbEKdTL0/hn88N+oeQ3rVg/TWe3lQL4NuNXoRAMrHM4VBtMGPhPldRX82vWP6L/MH2zup96NkUoMp94SIYxIwO6j2UkYc6RjntpRNfZ20087+qnq7W+feWPNKTayU6FZJRz8H/Fqn9n7ISnOc4HnWZTJrde3qOpL+0KiP5KdOyyA8v4J8VdEcn5sRnN/lwUOUNb+xObFZ2Gyqur/EO+NrsmNWeXf2gI7cG3z4eOg52vNSo00NPW8mJGg4G1h75uBtxMzQ/oauzsybob/cMc4jvA4QAQTNrpp+jVPzvVLBho2YE0Mrcnv4morOyhyAScedfRXYJcgWi/2TOhrP+AZkVjf6Y9nuAnYjbBTkJ16HdwtFRIqKnpJdiQ0/C/X9UVGpDiqty9y7cv3K5xvrGt8dxMJKE5CwqG9S31+Br+e33zi38TD8NAEK8nBoHsI/dDg5S7g8JxtvCDnzq+j3vIT3crGK4fkVZHXOs4/C/LrWze6WSH+67SDJzinBlT6C5KWqOisz/+F8jUsWLJkgPZJZWLIsbjifpBr9RehZFgTF1vSaTLkomjmvbD+44+AM27hXEVlav/RtvvqZA9LGgSJxK5p5IVQdvSt8TZB9QvW+3pZou3yAfjP+BjunJaa9qdTKmw9BDg99fh7SKZ999VtC1XKy27Z3tj/esrBl7tZdW1cqGksPXk+kCIEY32RfGFXtP3+kPeXSH335bdFylaLZmvLntxRxQO78OuKM/vwKBxXTbLzW99pn6WeNNnkJ77VgDOEzVtYMPtIbuZxM0G3lT16ntzEYZ2Y+d08fP/0hSEvA0Oyu9ciqjat2ADTXN8+wavcP2riv3HditBGx2OwqqGjJnBHNs5rfarEZqc0T+ZG1VfSJzAonyOfdene6qDwbtDtZRH4bsuN5gnSkw/266rvuimnsjwbTq6oOhsleh1c0iIAgr2ZXJNUWN+rO9PHPJZzrQ0gHoU7zy8sMZsvWXVtfttgDs7uPUHx1Uk7IVMnMxfIjl9f0am9GArVz6oapG0P1M7oNa5Km6A4y1PnNz6ORN79fGJH5tbyUZdGUc2LR2IvAVEUXhZ7xsdDnTQh1AKJybSwamyXIXJSMRGy3MaYJsnqnNwcDfjBzyK+J1MwjIC5Fs3Omqv27saHiVGyjhYii2TCjWV6zCDSiJ2RXG+WP+denr59+79bo1geCtMhTUC7M4XutPgfcDSAi/6mqPybNfpwsyMmKpvlp5VmgKIEoegeQ2fpnBH+PINyC8vmg/B/BsywHzg2xLJlmniFXitKP/gO6iqTnomdKT1Ss1AYDWJdZ2YIXIPNC/zmzEhYZ82jM7+SRmF9RuUtFU6RZ7dogQ6yv6PWCpF2vTT+BGGOusGrPIL0gvVmQy0JDfMmI+VgmBwth9tNyb6iN7HMaNVlCCLFdqGgpdnWPwwS5OTYDm1M2VZpylSMy9cRIQWC5Flpssjb5PuBrgVTmr0H9x1ButNhsvvN4R/wnqvoBlJtJs0Sbgc3BfW35bWcwbcK0lYL8O7ABeArhuppIzQkoPZk2IibSBaCifaExPI7wG0Uv7vP7ZhUT8QayewNsFuR3XsL7Z/DcR2fHJ5pN1qKiM0Ljvj2/vQxez/Mb3xD/s6qeRjph52aUe8TKexDuydxjrc3mUGntaH1Mjc4XpE3Rh4AnBfktyheAo1o7Wn+ffe40O5x+HpXfhR7l0Ey5X+WH52NqUP7X2h21CV4n+P+wpbMKrm4I1gAAAABJRU5ErkJggg==', 'base64'));
INSERT INTO license_localizedname(locale, text, license_id) VALUES ('en', 'GNU Affero General Public License version 3', 12);
INSERT INTO license_localizedname(locale, text, license_id) VALUES ('pl', 'GNU Affero General Public License version 3', 12);


INSERT INTO license(id, active, name, "position", url) VALUES (13, false, 'MIT License', 13, 'https://opensource.org/licenses/mit-license.php');
INSERT INTO licenseicon(id, contenttype, license_id, content)
VALUES (13, 'image/png', 13, decode('iVBORw0KGgoAAAANSUhEUgAAAFgAAAAfCAYAAABjyArgAAAABmJLR0QA/wD/AP+gvaeTAAAPQElEQVRoge2ae0wUd7vHPzN74bJcvay6CogoqKig1QreNYAxtmi0NW+1mtRLrZLUmto2NVFfrTatbYx5a22xWo5Wbar1UhWPla1SCyKFBVHAIkWKAgrICiwLy+7szvmD7h4X8NbLe47J+02ezOzMd37z2+/vN8/veZ4ZAE+VSpUnCIIDkP9jf94EQXAolUoD4Cmo1er/9vX1Tdi5c6cYFhaG3W5HkiTsdrtrv7a2ltLSUm7cuMHNmzeprKzk3r17tLS0YLPZUCgUeHt74+fnh06no3///oSGhjJ48GCCg4NRq9UoFAqUSiUKhQKVSoVKpUKpVLq2arXatVWpVCgUCp5W5OfnEx8fbzeZTN8Loija9+zZIw4dOhRJklxmt9sxGo1cv36dy5cvk5+fj8lkQqvVEhQURLdu3dBoNHh4eCBJEmazmcbGRqqqqqiqqgIgOjqaMWPGMGzYMHQ6HUql0mVOkbsytVqNWq1GFMX/Y6n+ODIyMpg0aZJDAOSsrCyXsDabDUmSqKysJCsri4yMDEwmE4MGDWL06NFER0czdOhQdDod/v7+eHp6YrPZaGpqora2lpKSEq5cuUJubi4FBQU4HA4mTJhAXFwc4eHhXYprt9tZs2YN58+fx8fHh7Vr15KUlIRKpfpLRd6+fTurV68GQKFQMHXqVI4cOcLBgwf59ttv0ev1XV73+eefd3l+9+7dLF269IH3EwQBJYDVanUJa7PZuHHjBj/88AOXLl2iW7duvPjii8yePZsxY8bg6+vbqSGFQoGnpydarZZhw4bx3HPPcf36dY4ePcrp06dJTU2lrq6OxMREoqKikGUZWZYBkGWZkydPUlxczPHjx8nOzmbt2rUsWrQIf3//v3wWDx8+nJ07d2IymViyZAnJycksX76cxMTEJ2rn2rVr7Nix46ECA4gANpsNq9WK1WqlsrKS1NRUMjIyCA4OZtWqVaxdu5Zp06Z1KW5X8PDwYPjw4axZs4b169czfvx4DAYD+/bt4/r1664BtVqtSJKE0WjE29ub/v3788orr1BUVIRSqcRkMjFr1iw8PDyIiYnhzp07fPLJJ8yYMYPo6GgGDx7Mrl270Gg0bNmyBZPJRFxcHBqNhpUrV3bZNz8/PyZMmMCMGTOIi4ujrKyMgwcPsmjRIgBqamqIjIykf//+zJ49mzfffBOnRpMmTUKr1XL16lXi4+MpKCjg5ZdfpqKiguHDh+Ph4cGSJUs6C+z8w0ajEb1ej8FgICIigrfeeov58+fTu3fvxxK2IzQaDfHx8WzZsoXJkydz7do1vvnmG2pra91EHjduHOXl5cTGxrJ69WoqKiqQJImUlBRKSkooKSnB19eXzZs3o1Kp+Pnnnzl8+DB37tzBYDCwbds2du3axa5du/Dx8aG+vp4zZ85gMBi67JckSTQ2NpKfn8+AAQPczu3ZswdRFDl//jxXrlxBEAQA8vLy2LhxI8HBwezfv5+PP/6YESNGkJKSwt69e4mOjqa2thZRFKmpqXEX2PlHDQYDWVlZ9OzZk6SkJGbMmIGfn98fEtcJtVpNdHQ0GzZsICoqiosXL5KWlubmloKCgjh69CgLFy6koKCAxMRE7t69S05ODlOmTKFv377MnDnTJdiwYcMYNGgQAwYMYOLEiYwZMwaj0Uh+fj5nzpyhd+/e1NTUUFJS0qk/mZmZqFQqAgICUKlULFu2zO18SUkJU6ZMITQ0lMmTJ7uOR0dHM3XqVKZOnYrRaESpVCIIAiqVirCwMI4cOcLy5cuZN28evXr16ixwXV0dFy9exGq1snjxYuLj4x/bJTwKKpWK4cOHs27dOgICAkhNTaW6utq1sJaVlWE2m1m6dCnHjh1DlmWuXLmCw+FAlmXX1umPVSpVe+dFEaVSiSiKLp++bNkyGhoaMJvNzJ8/v1NfoqKiyMnJ4fnnn2fEiBEEBga6ne+4Pjjh4eEBtK839x8HWLBgAYcOHcLT05OZM2dy5coV1zkR2h+ZnJwcKioqmDhxItOnTyfQ2xtLXR02sxmH3Y7NZMJy9y5SSwsOmw1rYyNtRiN2iwW71Uqb0UjbvXs4bDYckoTU2upmCoeDiTExzJs3z/UIO33w4cOHeffdd8nOzubUqVNYLBZ0Oh0jR44kPT2dyspKTp48yfjx4x86kFFRUfz4449UV1eTkJBAaWlpJ46Pjw+jR49m48aNHDhwoBMnPDyc9PR0ysrKuHDhwgPvpVAouHfvHk1NTSQnJ3P37l127tzJ4MGDqa6udhe4tbXVFVLNmTOHsLAw6rKzKd27l/r8fKTmZu789BO/fvUV94qKsNTXU6XX89uRI5jKy2m9fZvfjh6l4rvvsNTVYb51i1unTrlbaiqNubm89tpr+Pv7k56ejtlsRpIkFi1aRLdu3UhKSmLr1q2sXr2aoKAgXnrpJcLCwnDG6O+8885DBV6+fDndu3cnNDSU0NBQBg0a9EDuyJEjSUhIYNOmTW7HFy9eTGtrKwkJCYSHhz8wihk1ahRms5kVK1YwcuRINm7cSEBAAGFhYUybNs2NK7/33ntyUFCQPGnSJDk3N1eWZVnOfvtteV9goJy/ZYtsqqiQM5Yvl/f36iUX/utf8t28PFn/wgvyseho+cbhw3L1+fPysVGj5BPjxsk1WVly6b598n95e7vZXl9f+URsrGw2m+W5c+fKgiDImzZtkk+ePCnr9Xr5p59+krOzs+XLly/LxcXFcllZmVxZWSnX1dXJjY2NssVikf8duHz5srx9+3bZbDbLsbGx8o4dO/5wW4CsBCgtLaW5uZmxY8ei1WofOku6gtLHB//wcEQPD1S+vmiCggjuEFcKoogmOBilUsn06dM5evQoBoOByMhIPDw8cDgcLpN/94MdzeFw/O3ZXc+ePfnqq69Ys2YNEydOZOHChX+qPSVAVVUVFouFiIiITk7/cRAYHc2zu/cgCO2Lgd/AgfhHRCCq1Xh27+7GtdvtjBkzBoCysjLsdvsDxewo+L8DOp2O3Nzcv6w9EcBkMmG32wkMDHStlk8Co9HIxYsXybqUTXNzM6ayMn5es4biTz7pxBUEwRXG1NfXdymgfN8q3tGeNigBCgoKkGUZPz8/Vwj0JDCbW/j1119RKpUMi4zEUVfHjUOH0MbEMOqf/3TjiqJIYGAgsixz+/Zt3njjDVeY5XA4XIG9IAgP3H8Y/qpBkGUZSZL+1PXwu8BqtRqLxeKaTV39CUGpRFSpEB6jjCgoFCg9PR94Y4fD0c4TBDQaDQ6HA7vdjsPhwGazdVkydXKetlmsBOjevTuVlZU0NjZitVo7uQlRpSIwMhJbczM+ISGPbNQ5PHaLpdM5WZapr68H2mPS4OBgbDYbFouFtrY22traXHURm82GzWYDcG2fNrhmsEKhoL6+nra2tk4CKzUahqxYwZAVKwCoz89/ZMOyLOPo4hFzugYAT0/PLn1rx8Xufp/8tEEE8Pf3R6VSUVRUhNFo/FtvKEkSmZmZOO/bMWJwug9oF3TlypW0tLS4sr4zZ878ZSn8H8Hu3bv5+OOPH5svAgQGBqJWq8nKyuLOnTt/W+egXeDU1FSgPebsOFPvF9z5u6ioiLi4OObMmUNUVFSnkuD/Z4jQ/qj6+PhQWFhIQUEBTU1N9Jk0iaFJSWjHjkWhVrtd5NWnD2H/+AdDkpIIjIwkMDCAZ599ltGjR+Pjo8G7b1+Gvv46A3+vsTohSRLFxcVcuHABjUaDl5eX2wLXVZIB0NTURHp6OidOnCAtLY2BAwcC4Ovri16vp6WlhU8//ZTQ0FAKCwtpa2sjJSWlS86qVav4/vvvuXXrFgMHDqS4uNiVTJw4cYKtW7e68QF69erFtWvXuHnzZqfy5qOghPbgX6fT0dDQwIEDB9rfpU2fji4uDkGh6BQ5eGm1BCcmtle4FAoQRaKjo9pHTBQhJIRR69dDh2jEbDbzwQcfYLfbCQ4OdhO3K1dxv8geHh54eXnxzDPP8OWXXwLw6quvYjKZ6NGjB0VFRfTu3Zv8/HzGjx/PRx99hFarZeHChW4ctVrNuHHjmDNnDrdu3UKv1zNhwgT279/P+PHjsVgsbvyoqChmzpxJS0sL06ZNIzMzk7y8vCcTWJIkunfvTmBgIDk5ORw/fpy+ffvSr1+/Li8SRBGhQ8rq9hZYEFB0CNNaW1v57rvvOHXqFBqNht69e7vEdYZjHcV1bmNjYzGbzQAYDAb27NkDtBdsZsyYQXV1tevt9AsvvICnpydffPEFtbW1nTgREREUFhaSlpYGgF6v5/3332fo0KGIoojdbicxMdGNHxERQUZGBrdv335oha0riNA+gwGCgoLw8vIiOTmZY8eOce/evSdq7EFoa2sjKyuLt99+G7vdTmhoKIBbrNtR4Ptn8NWrV4mNjeX06dMUFhbS0NDgavuzzz4jICAAjUbDrFmzmDt3LmazmVOnThEVFdWJc+jQIddgAaSnpxMeHk5iYiLnzp3Dbrd34sP/TqAnrYW46sGSJOHv709ISAiSJLFt2za+/vrrPx1VWCwWMjMzef3116mvryckJIQePXq4xO0ockeXIcsyTU1NXLp0iXXr1rFgwQJXGbKgoIBp06ah0+k4e/YsH374IVqtlpUrV/LLL7/Qp0+fTpyOPrSpqYnc3FxWrlzJ2bNnu+Rfv36dKVOm0L9/f7e3HE8ksDOD0ul0BAUFUVdXx+bNm9m2bRu//fbbHxK3sbGRgwcPsmzZMkpLS9FqtQQHB7uEvV/cjjPXeex+5OXlkZaWxvr16wFITk7GaDRSXl5OeXk5R44cYcOGDTQ0NFBWVsa5c+c6cW7cuNGpn3q9nn79+pGWltYlPyUlBS8vL/R6PQUFBY9M1++HAMgxMTGuL2rUarUrGSgvL0epVBITE8OiRYtISEh4rGpba2srBoOB5ORk9Ho9RqORfv36ERQUhCiKbplax6zNafd/o+F0YU8jBFEU5cjISHx8fFwiOws+DQ0NVFRUYDKZ6NatG0OGDCE2NpaxY8cycOBAevTogUajwWq1Ul9fz82bN8nNzSUzM5PLly9TU1ODIAiEhITQ/feypVNUp5AdxXUK69yXJOmpzOCcEERRrPX29u4ZFhaGt7e36xsx51c1VqsVo9FIVVUVzc3NeHt7ExAQ4MZ1OBy0tbVhsVhoamqiqakJURTR6XT07NkTtVrtKuQ8yjp+YfRUz15BqBWAAFEUqwDvjj7vP/hTaAF6/Q/ntMvcjF53xQAAAABJRU5ErkJggg==', 'base64'));
INSERT INTO license_localizedname(locale, text, license_id) VALUES ('en', 'MIT License', 13);
INSERT INTO license_localizedname(locale, text, license_id) VALUES ('pl', 'MIT License', 13);


INSERT INTO license(id, active, name, "position", url) VALUES (14, false, 'Open Data Commons Open Database License 1.0', 14, 'https://opendatacommons.org/licenses/odbl/1.0/index.html');
INSERT INTO license_localizedname(locale, text, license_id) VALUES ('en', 'Open Data Commons Open Database License 1.0', 14);
INSERT INTO license_localizedname(locale, text, license_id) VALUES ('pl', 'Open Data Commons Open Database License 1.0', 14);


SELECT setval('license_id_seq', COALESCE((SELECT MAX(id)+1 FROM license), 1), false);
SELECT setval('licenseicon_id_seq', COALESCE((SELECT MAX(id)+1 FROM licenseicon), 1), false);


